,name,id,start_date,map.summary_polyline
0,Pr√©pa Trail 42km W2S2,16150214950,2025-10-15T14:59:57Z,ipwlHizxEAA]yBCoDF_A\kAR}AFiAD[b@wATqAXu@RmABk@Js@n@kCT{APuBT_E\{CH_BLgAHqAPoAh@gBjAwC`@qBTm@Ja@NaA@MESYeBISMQ]US[QKMSQmACo@?k@JcBH[Hu@f@wBhAmDZ_Bh@yB?GA?CFw@jEwAhEYbAIb@ITM`AE`B@tAFd@Ld@JNPL^j@H@NNJPb@~B?VWpAIXO\c@pBSn@o@zAg@|AOr@SzAAl@Iz@Ab@}@rIG|Aa@~DKf@Sj@YjAIbAId@]x@@XKx@Or@Wv@I^KpAs@zEEt@B~@Ar@T`CLn@?NINi@ZOBW?]NE^EjCGv@CfAIZa@j@EBmCJAAAB[Q_@Mo@c@eA]k@YdBj@FAJHQAYMq@Oi@Wc@OWOAEXPB?JFRDHFPDs@E_A_@]Ee@Q[ECA@CHD^Dp@TCEgBg@c@Gg@[OYa@e@IUIFGAO[qAiBWg@e@u@EKBAPDPb@j@fAABcBgCEOKIa@u@RBV`@B?NIJANEFMHq@Po@BSCMa@YeAYa@OMIKOMeAGMECPdANLFJRFFFKAMKQ[QiAYy@IKKBGf@DjAKm@?UDI?EB~@Fl@\dB@LENC@OGk@_@WWJ?JFn@`@NPkAm@iAy@Yc@@?A@NHJ@TPVXc@S[WIKKYM}@GiABTJRDh@H\?NUmAOgBMu@KgAAEC?@CBAB`@Hh@NNBH@ZR~B@^Ln@|@~@JDNNTLv@p@TJ~A~B^h@Zt@n@fABPPXf@f@JTTTJRf@f@NFd@^TJ`Bd@FFx@\LBV@h@TL@fAb@N?tAn@LBT?TDZBX?RCVBHAFCDOZY?g@Bc@D[H_@D]LmE@HJJn@EHC\?DCDQBG?KOu@YkBA}BB_AF_@Lm@LmANy@PaB^mAR_AHWLIDK@EGKBIHMIZMNQjAg@|AKb@Ax@Gd@Kr@[zAM~@At@DhB
1,Pr√©pa Trail 42km W2S1,16137965500,2025-10-14T13:15:30Z,gpwlHyyxEQ}@OqBE_CDq@B]^iBNqABi@D_@Lm@Rm@RcADI\eA?OLo@F}@Fa@`@wAPaA`@oDJiC\aCh@oGJaBNaAp@_C|@wBJa@PeAZu@\eB?WGg@QeAMa@OQOG[c@WSIMKg@Ew@A_AHkBJe@B_@T_Ad@oBr@oBdAcF@SGW?MXaBp@yAj@}BL_AZuCVeBJkAPsAM~AQhAG`AU|AOxBk@dC_@h@Wj@EJ[hBDV@Rk@xC_@~AkAfDQv@MZMb@Ij@IrBDzADd@Tp@RN^d@\THN`@vBDV?L_@hBYv@[|A_@bAu@~Ag@rB[fDEfAWvC_@zCCbAIjAWlBI`Aw@pCMbBe@xAI~@EZMf@Yj@Ib@EpAQlAK`@QdAK~@@fCVvCPh@JLb@NTVNHp@EpAJb@AFCj@uAJC^CHK@KD{@H{@@u@K_BC_AFgAOq@B]Ns@CSQ[k@k@i@]OOIGG@GDUd@K^OfAOb@OVU|@E`BBnCG~DCz@@RFFb@DN?nADLCT_ALQFEPETBDCDIDmAHq@FaAMyACq@JcA?QQo@Bc@Jg@AYGM}@cAw@i@MAQRGT]hBSp@Q^Ov@EnBFlAQ`H@TBFlCFFEDGLi@Pa@TGV@HIBM@q@JaABeAE}BBs@A]Q{@Da@Ha@@]MYSUeAaAYQKBSXSt@CTQ|@i@lAIj@EjBBtBK~FFV`A?`ADFID}@HoFCQKGcBGQ@KJ
2,Afternoon Run,16126906432,2025-10-13T13:13:57Z,mqwlHi_yECiCHu@H[F{@XgBJsAl@}BLu@^}@@ULe@Du@Dg@ZuARm@VaBT}BB{@NiB`@{DNgCPoBTqA^uAvA{DTqAPe@d@qB?][qBWe@SM]g@SKWq@IcA?}@HmBPcAd@{BdAuCTmARq@Lu@R_A?GGc@He@@WPy@b@y@Pe@f@oB@UJi@JiAHc@@e@F]B]Jk@LqALa@B]C?WnCaAbIc@hBU`@a@fA[hB?NFP?Nq@bDSz@q@lBa@tAg@xBKt@IfB@lAFf@Jd@FJp@t@ZRNPd@jCAPWtAk@lBKp@M`@kArC]hAOr@Gp@EjAQrBUnC[fCM|B_@rDMr@]`AI`@KtAE\WpAKZOx@Mh@[r@Ib@E`AKdAm@pDCp@Dn@?x@
3,Pr√©pa Trail 42km W1S4,16097780019,2025-10-10T15:45:59Z,cswlHcxxEMEEKFgEPwBZmFAk@FaAEKRYHc@FcDVuBB}@AFCRPDnAi@NUPi@n@uCFi@Rc@LiANKRwCXgBf@iHVwAn@cC~@{Bd@qB?GIIeBe@s@cBe@Y[CKYCk@DuA`@_E^{AF_@T[NoAP[HBt@|@DVQBQMLg@NQXLvAdB~A|CvAhGP~ATvDALKFcA?m@]eB[q@WAK`@iBBe@g@gCy@iA[SUq@QDQVK`@GdA]t@SL_@CESF_Bb@_DG`@IFg@c@O]k@CWW{AoCkAwACaAISUQRRLb@@^IZDS@c@E]KSu@IuEbAd@OLYZCDKEQk@SOSy@IQWq@m@{A}@?IVQTc@jAi@j@m@l@kFX}E`@yDVuL@}@GiAY}Ag@_BeAsByAoByAqAW_@ICo@Xo@hAIFuE{CiCqBkAYe@}@{BcBq@QkBCIGOm@g@aAQLw@jAcAnAwB~A{B`AgBVe@TqErEo@lAiCR[m@eAo@a@ImEpBgAv@}Ab@mARmCL_CWw@Fo@\}@hAi@^oErAm@EsAg@BOXYPs@hAUzAs@h@ERMdAyD\c@`E?rE_@fD}@hGaA`@Ul@q@bAe@pA]`EcBtCKx@S`C\jAEv@a@TYTaAFaAH]`Aw@n@y@`@W~@FNCx@r@|APjF|ApBjAr@p@`@Pf@j@dAf@Zd@f@jAp@~@\dAHp@eAkAk@SuFyEcAk@kBu@wBo@]Aa@[g@QqBA}@TkA`BaAdAyA`Au@a@w@Be@o@a@@m@Ss@NyBFqD`AsCbAu@d@}AhA{Dp@wDlAwHh@oCCYTKRc@lAM|@U\uBz@uAXOLSf@YXW@][WMPBLRTFf@S^w@nAQnAm@z@SRa@Ls@l@qBb@[zC@~BMxHoAbGsAf@c@DKvAy@nAa@RQpCy@fDUh@Q|@TxCDt@]Z_@ReAFeALYpBoBn@Y`AFt@p@`C`@~DfA`B~@hAdAhA|@fAl@RVb@pAz@fA^pBlBzA~AtBhAvBz@pCNnBU|Mc@`F_AxLIVWXcAf@a@Z]d@QHvBnAj@x@z@DNPd@PDJAN_@NERpDu@d@DTVBbAFPfAlAvAdCf@\h@Lr@n@DLCf@w@`EOnB?zAKn@ObCw@|GObCKz@QbDa@fFS~Aa@pGU~BYvEg@`GOfGD\JJ
4,Pr√©pa Trail 42km W1S3,16087030269,2025-10-09T15:40:20Z,eswlHy{xECBKv@E@AFChCGfA?j@CXMt@Ct@ER[h@MBOC[ASBSJS?UDUAUG]U]@GC_@DQFc@XsArA]x@Qj@Mp@EBOMOCOIWYWMQQuAy@k@c@e@Qa@YQIWSq@YUSoAo@[Uc@Sa@UEEGBCHMz@Sn@UnBO\YDIEWVMBG?S[Se@[g@O]ESOWe@q@q@mAGCINCzACPe@lAi@fAE?Wi@W_@OQMYaC{DWi@s@gAaA{Am@iAe@q@e@}@GOMCIB]RI@q@XoB`AoBt@MIUa@]g@Mc@KGa@B?PPf@?LOZMz@CFC?{@mBm@aA]y@w@qA_@u@IWMOo@sAKg@GGYc@g@_AQi@cA_Cw@{BWaAYm@y@cCcBsDk@wAe@_AcBmCeBsD_@o@s@eBG@ING@]{@IGGBg@^c@r@Kb@CR?TFR\j@NHP?HNF^DLl@p@JF@J?l@An@CFODSJWDs@b@[FQIEKAU`@}@Je@Zk@ZOJBTEFBRTL@FGJSV_Ah@_Bp@u@JUl@u@\i@hAeAh@o@h@}@PKVYvAoBVUBA`@a@JU\?Ps@`@E`@@VNP\NDT?`@Gv@E\DhA?PDFATHRTFDLMLWV}@LQDSDi@BCPD\T\L`Al@TH\ZDHXRjAn@JJdAtANZnAxB^z@xAjCZv@nA~B|@vBRZNh@pCnGj@~ALP`@T|@p@f@f@LBHLL^PlAFdBLbADHFDPIpAsAp@_@h@SVE~@Gt@@RGXIVQ~@a@v@k@\_@^k@t@aB\sADg@HYToARo@Rc@Xc@DCDBLYXYvAmAPQVO`@a@F?DD@JE|@CtB@ZBBF?VSXIX@FHGjB@~@OzF?xBKzG@r@GtAJL`A`@t@d@hAf@DXEr@DPL@`@CNGJOD@CjADj@GfAD\
5,Pr√©pa Trail 42km W1S2,16060227073,2025-10-07T07:51:20Z,etwlHktxE@l@Y`D?\i@x@K@k@EQ@SD{@Fc@EUSQ@SISBMDiAp@_A`ASd@Sz@Sx@C@GASKg@_@WKk@i@E@QTERu@hDQh@y@hDCVMl@Qb@C?GEEBAFDX?FG\ILMCKIQQMWIIKCEYSg@GB[j@GDCA{AiCKGKWK?Sj@g@r@a@x@o@bAoAbCa@j@uA~B[n@Y\Wf@[d@Qd@GFGNeAfBW\ENMPS^KFGCm@eDKs@Ka@AKBKb@g@Tc@n@{@v@oAz@gAPSd@u@rAmBhAoAr@iAjAoALUjBaCBICKy@wAGM?RYl@q@z@}@`BUXq@dAa@t@@FLa@R_@~@yAXq@NQN]hA_BxAxAEGm@oAOSYk@{@oB{@}AA@iAiBY]_@q@Sk@?EDDN`@b@l@`@t@mAmBc@k@k@gAJRZPZd@Td@L\?Da@q@[_@o@{A_@o@JNXXZv@RNVr@?FOSeAyBy@wALDNPN`@T\JTRZTn@W]}@kBm@}@IU@BGE@CLF^f@t@~ADDJDVp@DRi@u@}AyCIIDAFBNNr@rA\z@^r@Rd@}@qAo@uAe@}@@@@CHBV`@FTj@hAN`@NT@ABDAACB@@MQq@uAeAiBB@@EHDFLHTl@dAx@dBB@A@?AA@IQ_@g@eAkB[s@B?DMBRNZTXNb@Zj@\v@PTNb@HJTj@b@l@Rb@d@r@l@nAhApBHER]J@PCB@J?HKBm@\mBLgATo@Jm@RUNCd@?b@Bl@@h@E~@Db@?HCb@H^CR@LDLPDBJBN?\LZAZPj@H\JXNPFL?t@TRNXLb@NN@TFbAf@JB^Hh@CJBfAAHGJ]JQ?]Ha@?[b@oDB_AA[?_BJE
6,Prepa Trail 42km W1S1,16052064576,2025-10-06T13:13:32Z,aswlHe|xEG@OPEb@I`FGbA@b@Az@NRZLLNHNHb@Cd@?PNVNDVGJBb@In@FNAZDRFVPh@j@`@l@NNC\@JFFNDFNXpB\f@Jb@Ff@Tx@Jt@h@pBXvAJR@RAl@BVLd@Rb@Lb@BZVtAjA|EAv@NdBC`@HVNX@NAJITS~@Cf@Hd@b@nAZ~AJvAJLkAdEQf@GR@LRZ`@RZZd@PPVVF\TbAb@n@^JHBPCd@SfAEd@K\Et@I^Et@Kp@CXI`@A^Q`ACl@Gf@?RK~@K^CR@^a@lBU|BSfA]|CQr@UpBc@fC?FTFRRJBFIH]BLCPB{@D[L[VDBBDH@TEf@Wh@QXI`@CPDVA`ASp@Mt@_@bCe@jCW|BQd@U~AK^]lCUbAIp@}A~H]nCe@pBu@bEg@tB]lBUp@CDEAIKCYQHj@`@d@Td@^nEpCR|@Mx@IPi@EKKIq@TqANe@XqARoA`@qBL}@JYX{AB]\}ADq@hA}F`@cCNi@@UJ]~@mFNOLBZPFKDYDKC]KKq@]YKSOWIu@a@[KQMmAk@WOGAMJMAMEMS?OBWB?Dq@VsANk@B_@NiAPkAVkAJeALw@HcALc@P{AP{@LeAP_APeBXiB\{C\iBDo@H]Lu@LsA?GBYLs@NiA@WNcAFaARsA[MOSaAa@II]OYIe@GIMOu@Is@?SVcAFCDKE[HYBSEg@IOOKAKJo@J[Fo@Lc@@SGy@]aBM[Sy@K_@MSESAY@Wd@aB@UCKSQAGDi@Gk@AkAI}@g@iB_@_BMs@C[Ke@CKYa@I[Mw@Em@]qAYu@Ky@
7,Afternoon Run,16042095186,2025-10-05T13:31:57Z,cswlHk{xEMjAAXR@HCdAKBCDK?QMs@YiCAcCJkAh@}CJqAHk@\cAl@iC@WH[RkBRaAL]VcA^qDFyANkABm@Z_CDo@BkAj@_Fl@}Bz@mBPi@VqAL[Po@XuA?I[dB[|@Kp@Kf@Od@U`@Wr@Of@KPm@tCIx@G|AKlAy@`HG|BStBUtA]bAUhAEbAMn@Sl@ILQ~Ak@tBEbAMrAUp@Id@
8,Morning Run,16017710458,2025-10-03T07:40:45Z,qpwlHkkxEC@GGFa@AE?Ur@cC@K@c@IcAG[IGGMOg@@GJa@?K_@cDEsCRaBVmANkALkB\kALq@BEFAJc@Ri@C_@PaBNs@b@qALs@ToBNuCHo@Bg@VeBHs@N_CVeCHwAF]^wAj@}Af@eADQRoADOFMhAZ`@Dx@NTBNHL?f@Ph@@b@Ah@[TFZCJHPBHOJi@IcCBs@IUEcAI]?oEB_AHw@@kANcEHgDFeAH}BCYHk@Bi@?cADs@BgA@sACsCBoAn@sQFeDCg@Io@FYMDMEQBKCUgAUc@MQYWm@c@OOOIMDIFSrAMfAEhAOzAw@fDe@rAo@~AGf@_AnD[~AW`Ai@nDI\EbAQlBG~AI~@@h@I|BM`BAj@YhD?PHT@TOr@?NI`AQ\E\M^UtAQrA[xAi@xIOAEKKGQGk@WSEgBaAi@Mg@]e@QOIYKKAaAVSLG@m@^UVa@VOFeAl@ML_@PEFVfB?ZRBZAd@Nj@b@^^\fARf@`@`BTf@FTb@jA?b@DXC^ENJe@BCDBDJVb@^h@LLDNkAxFEJc@nCW|@s@jEUhAGNEDCTALBHEn@u@zDEp@i@hDUnBEn@Mr@@HG`@AR@j@Cz@UnCSvAKbAOdA@Ln@PJFF?lB{IDY?[BYB]FQCESIFaARgBTuADe@Li@`@_D~FcLQhCCXA\_@tDKtAH`AWrE?l@Gh@?XFFd@GN??y@FQF?DN?ZJpA@H@rB@JFNHDPBJDVXHDJ@ZGP?PDnAHZGBERo@LYFE^CFEFYFgAJwA?m@Bu@Cs@BuACQM_@C[ECKNITE|@Mj@Ih@IVWVKTGDK?gBCGBGNCV?|@Cj@AlC@`@GPI@OCW]g@QKMONQDC?w@d@G@CACKAg@ByADGXBFEBI
9,Afternoon Run,16009594434,2025-10-02T12:43:55Z,eswlHc{xEG`@Cl@BLBBTC\?^KDHf@pAFf@Bz@AZUx@QpAKRAd@ADE@e@CGb@DZJRNDXAHBREZAVDd@AXFf@ZTT`ApA?`@DLTJBDJXFt@Lb@LPNF@BA`@HZNtBHj@`@pBHT^dB@\n@`CDVRRt@pDd@hBB~AFz@Eh@@TPVFRALWnA?h@Ff@L\Nz@^rAPtBA^ERCFGAU^UlA[v@C\@L@B@EHNJJn@b@VHHPb@\PTVP~@b@fAZCh@PDT@FBBD?JWlBEp@Mr@IbAiA|ICZ@Jd@Th@LpAh@RDz@ZHCTr@NTt@`BjAnCDP@HGP]n@[VQTCHGBU?GDs@tAW~@MZ]tAWnA[vBS|@Ir@Sl@S|@s@`EYjAGd@GVCZUz@MhAM^UrAOp@Of@uAjIo@zCGb@U`Ay@zEYjAM`Aa@pBG`@@XRd@CLFMB?DDCt@CFIFQ?GC_BiAUKqBuASIw@k@G?ENA?AG@HB@JIH[Bm@ASFQCo@FK@KCa@Ba@AGICI@KGGI?Ob@yA^aBb@mAt@cDRqANk@Fq@Nw@Tq@FkAJW@_@NcA^eBH_AP{@JWLm@LSCI@SJg@@YNk@d@gDJ[Da@Jc@Da@VcBFq@^qBp@gFXuAd@kEF[Dq@^uBDg@@YHQBSNyBVgBAEm@Ku@Ai@IKQKmAGgAB]@YEKCo@Da@Co@@[Ii@Is@ZsA@YLy@?OOa@QS?KJw@La@LoAACK_BIMWm@Mu@Ue@K_@S_AIUHe@VeAPsAE_BM}AQo@a@sBSu@KOKiAU]e@iBAc@_@sA}@kEMwAGSCg@?YYg@Ma@ScAEGIAIIEM@YEKW_@e@e@e@_@[QWGG@CICaACIQCoA?GGAg@Vc@JyANs@@a@Cm@Kq@_@{@EEC@
10,Pr√©pa 23km trail,15984024772,2025-09-30T08:01:54Z,imxlHqowE?f@GXy@nCEHIBGHANWf@g@bCMZSr@SlAE^EJeBeDSi@{@yAc@o@dA{BPi@Ze@BMi@}@[SI@GJmAhCKESYSa@KKCA_A|Ak@v@Uz@u@~B_BjCgApBu@jAALLZjBpBDH^`@HDJAHKJSl@yA`@oAFMLKJa@Rg@P]^mAhAyB^aA`@}@J[T]l@oA\o@?KEIu@iAGCKHg@fAi@bABRv@bADRw@jBM^Ud@QT[t@QZOj@c@v@Yr@CJ?NJNVRF?BEMB_@WEGH]|@wB|@oBVc@JUFc@rAgC\u@\_ALSFA`@Lh@d@NBPk@tAwCRq@HKHI?ABABOGYGG@Ga@m@k@kAi@}@w@cBa@o@IUMQEO[e@gAwBU]s@_Bg@{@IUmA{BU]Ec@Bm@FOb@kAPYJWRu@b@oBJy@AaC[oDBmBBSDBDRBTFTTxBHTBDVJFLVVz@l@^ZHFB?@ISgAWqBDs@DUHGHBHNRv@XxAVPdAVXPa@Mg@Mi@UGOk@iCGQGCKFCJE\?ZP~APt@J\@JEJC@KEu@o@_@U_A{@Ug@K_AM{BMe@QiBQyAAYOq@IQWYYSiB_BOWWq@ECBHHNFFXj@bAx@\R`@\X`@P^NfAHdA@d@Hv@BHHJ@FBvAFNTzBFNNRb@ZXZ`@Tp@l@FA?MC[S}@QgB?]F[HKF?PZTt@RjADJd@Tb@LVBPJAFe@OUEw@_@CGUsAWgAACKEOFCL?`ARlBRx@AVE@QQeAs@SUUMYYKQI[UgBGqAMg@U}CMgAOo@OSy@m@c@e@o@e@OSw@oBDPd@~@JZHH`@`@PHPRz@j@f@t@RvAFx@Jn@D~@Pn@FbB\tBVZZTHBPTh@`@d@b@PFVRj@x@j@`AHDd@z@Vj@FTP^nArANTNZLNhA~@`@Pn@PJFCC
11,10km Rouen,15957244593,2025-09-27T19:12:00Z,gqvlHm`tEECO@KKy@c@OQiAg@IK[SkBcAEIGc@?UHg@l@_DJaALm@Di@PeAFcAd@uC@i@RqA@MAIGEeA[y@c@O@oAe@]SeA[I?c@Ye@QeAUq@WiAk@{A]eBk@a@UaAUa@WmAe@OBSPMDSNWJ[?YKUC_@OEBIPWrAUvAMpAMjBe@pDEdAQxAEn@?b@[~BA\UxAKtAS`A@TLPdAVl@Zd@XhBp@z@`@TZl@^~@d@~B`AhB|@PLPTRLn@Rt@Z\^NZZVbA`@VR`@Pr@`@?PAPa@xBOpAI`@K\WhBi@`DIVQ`@CLA\I\Oz@{@bDMt@Qf@Uf@w@jCAZJPH@HIj@cBBWT_ADg@Nq@Ty@Nq@x@oCj@cDR}@Jw@XeAN{@Da@PsA\gBBWF[LEXDz@d@B?VRnClA^VVH@FNLXDt@^n@RfATh@^NNj@T\PBFNJRBPEd@SHK@{@RoADa@`@kBAGX_Bn@kCRiAh@{B\cAVi@HIPGPANDVXr@~Az@xAf@hAP`@FTpAvC`@fA`@p@~@rBDN\v@T^R`@H^JRf@f@fBhAz@|@h@`@f@VPPZL\X`@N^`@~@p@z@v@~@l@h@Rd@VRV?\m@`DQl@IRMLSv@m@~AyBtDMPSNQf@q@hAKP_@Zc@Va@^sBv@YAIEIMMc@Ki@OwAScAYmA]}BICRQi@wA@QQA?QGg@QgA]qAEWu@eCoA{Bs@y@yBeBgAk@u@Ym@g@{@a@iAs@QCg@XK?QM_@k@uBoAaD{AYGG?GDWd@Qd@e@lCYlBSdAWh@Un@[h@[t@Wv@UVQd@eCjMm@zDOf@OpAOx@@Ph@p@@VAJ]vBQfB_@vBEd@QfAc@lDw@vEIx@Kb@MtAUbAMz@Kf@MlAGXE^Qn@Mr@K`BUt@UhB[dBIXIFOEe@YKDADQjBm@xDMlAAZCFIEJgANu@BSAQLcAdBqKDg@H_@ZwB\eB^{Cb@{BJy@d@}BNiANsAXiAR}ADe@f@oCVmBRgAJ}@Ns@LsALw@Fq@VgABYH[BSN}@LiAXoAXkBd@yB@Qh@cC@Q`@aCTq@RcALeAH[Hc@H[Jy@Ry@j@kDTaANQPa@XwBRcAT{At@_DFm@H_@HU
12,Fin de carri√®re...,15683439604,2025-09-03T14:13:07Z,iqwlHw~xECaCHiANeANq@PqAFqAHc@Vy@P_Ab@cA?SHg@@w@D[\yAVq@He@b@gEFaBJg@JwANaALuAHwA\mDh@aCRo@bA_CTsA^kA\aB?SY}AMa@Q]KI@DTJLRFVPtAFV@TWhA_@hA_@lBg@tAm@nA]`AG~@Mr@E|@Kr@CdBM|@El@S`AAZIp@WbFWhBs@dCUtBG@?HId@Ob@@FG^UdAWr@I`@UlCIh@Ur@CZ
13,LETSSSSGOOOO,15645599213,2025-08-31T07:00:16Z,}qsjHatbHjCgFjBmCf@{BvAkAb@{AfA{AfCaF`AcAvBcEtAeBlCgCjCkGjAaELi@@k@_BkMHuDVwCjByIKk@u@y@De@|CsExK{NvBiCDm@hA_Bd@wAr@g@`CqDnDoE~CaFdCgCG[s@{@{BuBe@UgGlDqHbHqBzAs@\_Df@]Eg@]COl@a@`AOh@a@n@gAQ{@V{@Do@a@cAAu@b@o@h@aBz@qAl@g@b@VhAMx@gBh@k@bB\jBJrBt@h@a@zEiIrA|BPBzAcCnDgHb@qAr@}DEYSQyAu@qCwB{@a@_A@eA^g@E}JoHAQNm@pByHNWfJrBV?BMiCwKeAgD[W{EoAu@a@s@y@u@{Ag@iF@[bAsAHcBZI~@b@EdCDZRRjBMx@Xp@El@\TEj@|@jBuAz@CRe@p@KPYCmDVU^aB?mA^q@h@Aj@u@PDxA~Ab@v@\J?h@NAIJFTbB|B\\dB`APMnA_LLoBIuFXkNMC_Br@_Cf@k@qBMsAAmBVuAf@mAVUBk@WAQ\u@L{C_AYLUsBBcAGo@RyBpADh@c@h@uAh@m@K}AMUsD_BwBmBs@l@iBh@Sa@_@wC?k@x@kB\kCX_APQfAMd@Y`AgADWaAcDQ}A]}AQmEgBuDoAQ]]Um@SgBDqBp@{CHgAeB_HOqA@}B`@oKk@}BMwAEcBPcDAy@[qJS}A]tBk@~BiCbG}@j@a@j@}A~@oBr@gI~BMZFj@b@hA\`CFxBVzAnArElAxIZlGQlCSn@GbALbCTl@\~BFdCSlCe@tCGbAB|BJ\@j@?`AIhAV|ANhDr@JVpBPdDC~Br@j@lAnAtFtKt@ZhAz@`B`@LJ?L_DdFaHzIaB`@gIbAOf@c@Xu@zA_@`@LfA?|FT`Ht@rQl@lPKhBm@|BMHeWcCUHy@vBkAtOYhGcCp]T`@rDdBfAt@bJjE|@XBbAFZc@fEg@l@G|@a@z@F^Cb@c@jA?x@Rn@a@h@Dd@C|ANzBXrCg@l@a@zAa@n@]NqBHBrFFZL?n@qAbAb@TXuK`UwFnKAx@HURhA[l@Db@vJdNR\BXQ^{@l@{A`BaCpEwAdB}A~CwAzBg@~AoAnA]|AkD|FKBKQwEwJcAk@OFYjBkBdDQxBD`@Th@r@|@ZH|@aA`BcC
14,"J-6 Trail de Vernon, je suis trop hype",15580688900,2025-08-25T12:56:21Z,{owlH_yxEPJNBXXTHn@A|@JR?R@L?JGFKX{@JMPCRAJMDeAP}A?gABu@Aa@?aBM[EU@YJa@BUCMYc@eAeA[SQAIDINIXMl@Mz@O`@[p@Ot@AfBDjAMtDCnCU@KGSWSEUIi@Bm@RYB?BBBp@OVCb@KH@BATBHFRVH@x@?bBLNEFIX{@JOFE^?DAFIDyANkA@a@CgBBw@?o@CYOYAOJ}@@SWm@e@k@i@_@YOIAKFKVg@nCg@`AIn@GvBBvAGxCAzBCVQ@KEWYi@Mc@Ba@La@BGBBBnASPG\?RHTTHDP@b@CbABVHL@H?NKV}@LULEV@LIJ_BHs@Dw@?k@Es@FoBAMOc@CMBWHe@@UGS[g@{@u@]UMCOHO\_@xB]p@ITENGd@EtA?vCCr@ChD@d@AFMDS?W_@s@Qw@Te@BGH@Bp@SRA`@IH?^DVZHDrCFZAHEBGH]Ti@FE^?JCBCDQDsANaBAi@AKFmBAy@Qm@CO@MJm@?UEMQ[a@g@w@k@MIKAGDIHEJg@pCg@bAKl@CtB?j@AbBKrFCBG@MA]_@WAQMoAZS@GBz@QVAVER?RDJFHJVJbA?tAHJAFIJ[\o@HCZ?HEBMDcAPuBKyBDeBQs@?ON}@?MMa@]c@q@m@ICSQMCKHM\e@bCe@z@Ij@GxC?~@EfDGhB@NAJK@MA][QAUK[Bu@VO@KACAC}@
15,First trail ever,15558094920,2025-08-23T11:27:07Z,ekwlHelaFCEVgAByAKwBCaFO_FCiBh@Z`ApAbAxCt@jD`AlBXVlBp@z@KWs@Aa@FaAG{BX}@K_BUoAa@qAWSa@J_@]QgAWs@NcAKYyAIYXUG{AZiAxBIoCh@uBe@cBDGVrANJnA_@j@Y|@l@r@BVm@GT@h@Fj@LXd@g@`AQh@]jAMhB^z@nA^fA^d@@VVRf@bB~@`@p@x@f@L~B~CRw@v@aGAeFj@_AEgEL_ATk@Sp@Ej@@rBSVaBG}MuBa@@g@p@t@pA~CbEp@rAtCjEDRUh@i@^]h@[~@Ih@HpAWtA@^WpBA`AMZc@Za@vBy@nAERFn@t@t@KdADb@aEEe@Hg@t@K|@@j@Lx@Bp@Vf@C\Rp@F`A`@l@AIn@Yx@w@^w@jA]ZBZbANNh@eAnBwFHo@rAiE`AqDIy@`@yBNgBtAgIH}ACaDl@{HGeA@iC_@}BPgBt@sAq@nAQnBWHINOv@?`CQb@iCMsNyBq@PCj@HfBMZk@Jy@d@u@J}@|@w@H_@KYNC\Y`@@n@ONNp@`@Y\u@b@c@n@h@VrAV^z@?Xh@Fx@a@t@YdBXjCA~@Fv@Rr@`@d@Mj@Fx@u@x@[fAe@b@iAnByEdGi@dBc@r@m@hBm@f@OZ?TP\ZBp@hAbEhJjBnExFcGlAiAr@_AjBgD~@sAnAoDvC{Jb@qBr@kB?UKUD_@jBgMXaD@oCH_C`@iEGoAFcBMiAWa@C\MFIfAOd@Ir@U@iRkCYIS[G_AzAFd@XpCb@FKd@XZ@JNLGOPEf@lDf@dCjDAbFuAvJm@rG]`AGx@Uf@?PUGLIBJQ`Ci@lAk@t@e@hAa@Dw@b@vAu@tBsDb@a@h@uAd@Ij@JN^Ke@Nf@KZDYI]?WhAuHB^j@~Ab@?L`@l@d@vD~@LNU|@iAbBsAzEs@~KUnAoBlCyBdEiC~BsC~Fy@xBi@x@_@Ta@dBpCnBLd@UtAqBtHs@^Y^QBMXFtFN|C`@nEdA`FNVFf@LP@h@]xAS`D[dB_AdDAZ]v@mAbEiAdFOxAc@pBy@zQ]~ELd@]vCQVcBzJ?XHf@Ah@Kh@IzAWt@KlCY`Fg@nGqAjKQ|ESdC@lAYzAFz@Q`C[fBMbB?hAa@`E?tBFV
16,Afternoon Run,15547562025,2025-08-22T13:56:48Z,kqwlH_~xECaDDiAn@aDLiBb@eBZyAZm@@[HYFmALaAf@{AHc@Fu@Ju@^iFTiALiAf@yHp@gDrAeDDWl@}B\aB?OC_@O{@CWGSO]SMYa@YMIGQw@CWEaAAu@Fu@L_A@SF_@j@yB|@oCTsAn@wC@MGk@b@qBz@cBJq@RaAJqARsABg@\sBPwAM|@]lDOdAKtAq@lC{@pBWhA?\Hd@G\eAjEi@~Am@tBe@`CK~C@t@Nx@DRXRb@j@PHNRb@|BD\Y|Ae@tAUjASh@g@dA[t@m@|BOjAa@vH_@bCSdD[dDKb@g@vAMr@OdB[x@BFEHGj@Ox@Yz@Kb@A`AQtAWdAUhBDnDXzB_@yC@cACcABg@Lu@Ng@ReADu@DiALm@Zs@ZyATw@Lu@JiBPw@`@mAVaBTsEJc@X}BJ_BJ}@NaDNkAHg@`@mArAeD\oBHKPi@VkA@UGq@W{AMU_@[U[WQUi@MgADsBAg@NcAHWD]VaAVu@Ps@d@mAfAsEBS?KKg@Hs@V_Al@gAPk@f@eDG`Ak@pBs@`BWtAEZ@PDJ@NMx@_A|DcBfFYnAKx@AbBD|ADTRh@JJHBZb@\RJNLh@V|A?Ve@xBUf@Oj@E^Oh@{@lBWv@Ov@AVKd@a@bEObBEdAOp@Ij@KtAMpCWrBS`AWv@Md@In@At@ET_@lAK|@Mr@Md@Q^ERE\E|@GVMz@Oj@U`BAd@Bp@?f@@n@NvAP`A@VIPi@P
17,Entra√Ænement 10km Rouen,15536836544,2025-08-21T14:28:49Z,eqwlHsdyEt@kEDeABYPu@X_ALo@`@iA?WDQJwAJk@h@cBNo@PaBLeCDqA\aCf@gHReBHc@fA_DPo@Xk@HWTuAVs@XoA@]ASa@sBKSUQ]e@YKKSMk@Gu@@k@HmBX{BRaA`@iAh@eBhAcF@YE_@Jq@VgA\q@^aANe@Ns@L}@D_AV}B^aCLuAQxAARa@`Cc@jEYbB[~@o@rAYzA@PFVGj@Ux@Mx@WfAg@zAoAjE[~BAjABfADVPn@\ZVZXRHFLTJh@PpA?\YtAg@vA[xAKVU`@Sj@eApDYtDGvAEZGjACXOf@OtAAn@Y~DU`Bc@|AMl@KjA?REX]tAKl@Or@a@jAEXKvAQ`ASx@QrAC`@DtAAn@PhBJp@Nf@RRVJVVRDh@CbBHVCV[Xu@HG\CHKP{BDuAAsC@s@G]M_@?GPeAE[_@m@sAmAMCIBKPK\]lBo@tAEZG~BDfAIdFE|@@RBFLFx@Br@FRAHIVy@LSJEZ?JKBGTcDCs@IOg@KS?WFe@BoBKIHIxAAxBEvAD^LDh@B~@HLADEH_@BeD
18,Entra√Ænement 10km Rouen,15525806695,2025-08-20T14:48:08Z,aqwlHi|xE?QM}@Ca@@e@Cs@@e@B]Nu@Nk@P{ADMBS@o@Ju@Zy@RcAd@oA?QFODSBaAJq@h@eBNqAPsBLw@BcAHo@AILu@\yDB]@q@f@gEF[r@yB`AaCTuA\cAX_B@UScBSq@IM[SQWUKMSKe@KyA@y@F}@NeA@Q^sBj@mB`@oAVwAl@aC@OG_@?OX}ABMRYXo@r@cCPmCNmAJg@`@{CJa@?OSrBYhBm@lFo@dCg@~@IRYbB?LDV?TYlAg@hCsA`EQl@UhAK\IvAA`ABjAJl@DPJRPJ\d@VNNRRz@PfA@Ta@nB[t@UpASn@QX{@rB_@dBQlB?TKfACz@Ih@K`A?b@UpAMvAOnCMhAOhA_@dAS`AM|@G~@EHOp@IFKh@Cd@Ml@Yx@GVGxAIZGn@M`@WhBAn@BlBCP?cAE_A@o@PcALe@TaBFeARcARo@VgAFEZw@BWDmBRmA\q@ReAVwBN_Dp@cGNqCTiCJu@FW^eA|@qBPe@Z_B^iAXyA@UQcAGg@K_@OUUIUa@]SGMMc@IuB@aAD_@T_BLa@`@oBt@uB`@}Bl@oB@SIe@Z}Bd@o@JSh@_CLy@Bg@Fc@Fw@P}ANs@LqAJg@?O[rDUnACh@K`@A^OvAi@zB[t@Yd@_@~ACJ@PHZ?LcAvE{@`Ce@~AWlBOl@ARGjBDfADRJd@JTNF\d@NDLJJRf@hC?TQv@m@~BOv@eBbE]`BIf@GxAOzACf@QxACv@EXK^It@Ix@An@GxAWjCId@[v@Kd@OhAKpACFGBMb@?POTSpA_@rAIp@Ct@SvAW~@
19,Entra√Ænement 10km Rouen,15514449122,2025-08-19T15:03:42Z,wpwlHy{xE@GEQOgBCqBVwB\}AFe@@_AFi@DUP_@Pk@R}@Xs@AUVeCXeARa@`@eCJaA?c@D[@s@HqAZkBToCBq@ZeDLm@Da@VkAPk@^{@b@y@XsBTi@d@sB@OUwAMk@MU[SYc@QKKMOo@Eq@Aq@@k@HiBLo@Fa@ZqAZgAXq@Ro@RcALy@d@aB@UI_@@WBY^mAVg@Le@Hc@L]Ty@ZgDv@sFJg@?M]fCGr@]~B[lCWrAg@vAUh@c@bBANJb@E\}@rEeAxC[zAC\KZM~@O`BB`BHj@HXHLRNPXXNJJLVb@hC?DWjA_@vAUlASn@e@bASn@S^_@nAOv@m@pJOp@MjAUzDSxBMp@M\YlA_@lDMb@MXShA[x@On@OlBIp@Uz@OxAEn@@vBT`CJd@NZJFZFVXLFNBd@AjAHl@?FCDIZmALCZBHEBGBKDcAH{@Bw@@iEA]O]ESBWLg@?KAOGM[g@UW{@m@KGMBS`@e@xB[l@Qr@EZEjA?n@D^?d@MbHDPLFjBHTAJIRu@JUPGX@HEDK@OFwAHaA?YE_@SGa@G]?]JyBOMHEVI|ABbAChC?FJHv@BBA
20,Entra√Ænement 10km Rouen,15503090113,2025-08-18T16:17:50Z,upwlHm{xEY_CBy@Ac@@q@Fs@Lg@Fo@Nm@Hk@D_AHk@V{@VoAb@wA?UDIDOAIDs@Dg@n@sBV_BLmABa@J{@?g@Dc@ZaCt@aKTkA`@wAr@oBLSPe@RqA`@oATkA@OE]QkAOm@KMWOSYc@a@Qk@GcA?s@@{@Fw@Je@AGJm@`AkDRc@Ng@`@{Bj@uB?MGa@R{ANe@j@eAHc@b@aBVuBV{Ch@yDWhC}@nHu@pCe@dAOj@UpA?FFR?V]lBSx@Qx@e@vA_A~CSdACZENM`C@~@BTTx@HNNHZf@RDJLHPd@fC?HWpAa@nAY`BwAdDa@hBKp@Gr@?\OhAGnAQbB?^QbAUjBCz@IpAW`CG^Wx@U`AKr@I|@a@tASpAI`@Wt@Gb@EXIrAo@vDE|@@rB@m@EsADs@NkAb@kCF}@D[\iAVmADIZ_ABC?MH_@@_AFg@l@aCLu@X_CL}C\}B^qFHc@TmCDYb@{Av@gB\_AV}A^mAXoAAUC[UqAIWKSUM[c@YSIMKc@Gi@A_AHyBTyAHUN_AXeAr@qBXoAHg@XcAJi@@SIYAKHq@Nu@x@{ALa@Z}AN_B@a@RoBXaBJeANy@CDOrB_@jC]bD[jBI\KZo@fAEP[fB@TFPCRs@`DKp@Of@S`@kAjEYlBItBB`AFf@Nh@FFH@`@j@XPPVNl@TzA@Lk@~BMZ[~AOd@gAdCe@hBQvAMfBGjAUdCQlACf@I`@M`Ca@jE_@hAMj@W~BKRUx@AAEFGx@Ij@[~@I\OzBGd@UdASvAAp@Bt@Ax@?w@EsAL}Ah@oCDiAXgATm@Lw@f@_B?SJi@F}@RiATs@ReAPuAD{@Fo@DaBp@mFH_BLqABo@TiBH_@X}@rAiD\cBVo@\_B@QCWSwAK_@MUWO[g@SGKSMa@Gu@CqAH_BT}Ab@_BRq@DUl@kBRaAFc@ZiAF[HS@MU`AQhA]zAeA~Cc@~A[hBKtBFdBTz@FJTNT\^ZLT`@jCUpAa@tA[vA]dAw@~Ai@fBIt@]vFq@bGMdCa@dEI`@Up@Mh@WrBWvAMX]hB]bAI|AQfAQv@QbAEb@Ah@D~B^dD
21,Entra√Ænement 10km Rouen,15478552266,2025-08-16T12:32:43Z,uuckHi`tDOWIEMIcBkCmBmDm@u@y@qASU_BaC_AoAcAcB_IkLwCwE{@mAmCwCm@{@w@sAm@}@a@c@s@o@kA{@aDmCoCwBq@o@W]]}@S}@cAoJ]gCMg@]eAuBeFcAqCkAoC_@u@a@[cDaBe@YMEO@iAv@qBfAgBhAwAb@mBZu@TIAAEDGbCc@v@Q^Sj@SJKLGHACNQNYNa@NoAZQ@g@LU@q@PEIf@OL?b@ErA[^Ob@WRGd@YPG?FEJ]TmAh@}@Pa@Li@Dk@Pi@HECHGXM`@C|@Sf@G|@c@PDZI[Rc@Nk@JWJm@J[B}@RCA?Mn@OVA|ASdA]fAo@HED@AH[VwAl@kC`@q@RC@CEBKj@OpAMTE`@Of@UFA@DLMJED@ELKFe@Pq@RmAV]Bs@PEE?CDINCVId@Ch@Gf@Gb@KbAc@VSLOVOF@?FOPg@\_A\o@P{ATgAXGG@EBEXCZGbAKz@Uf@QZS|@a@pDuBb@]`@MR?PFxAx@vBdAPNT\Vt@h@fAx@`ClAxCj@|ALV\z@Pj@Nr@NdAdAbKTdARn@N^Zb@x@r@tC|Br@r@dAt@bClBf@j@~CvEv@~@|@~@jBdCf@~@hBtCb@j@pDpF\d@hBrCZ`@j@|@PRhEhGh@|@^j@dAlBd@r@Z^^t@RVz@rA
22,Afternoon Run,15456578422,2025-08-14T13:16:55Z,{pwlHk|xESmAAyCTcBLg@VeBBk@Jy@DW^gAXqAPk@@YJm@FcARaA^mA\kBNcCDeB\}Bx@qKJi@f@gBrAaDZ_BNc@Rw@Lo@B[Gq@Y}AKO_@YQWYOKQIUIu@EiA@u@Bi@TwAJWJk@h@{BPi@Vm@f@yCb@yA@QGe@@OR{@Je@n@}Aj@cCR_CdAqH?IOdAIvAOv@Ix@[zBG|@o@`Ce@`AOb@YzAHh@Gf@}@jEo@dBgAvDOx@Cd@CfBF`BVz@XNTXTJLNFNHTVbBBXAP_@fBYj@WvASj@mAnC[nAIn@WfEWrCC`@Q~@M`AIlB_@fEKf@e@~AG\QhB]vA?FCDOjAc@hAI\Gf@Cz@g@vCObACb@D|@Ad@Bt@N~AHl@HTLPf@PRVJDV?\C`BFPAHGd@oAHEd@AFKBIDwAJmA?iCDmAAYQy@B[Hc@?OIWS]Y]SOUKSSQIOBS\OdAQt@g@dAGTIn@@FFLvA~@\JRLLT@JANCDMBiAGc@GO?IFCLEx@IfFBTNHt@@z@HJEBEB[LmGCWEEKCgAC_@GK?IHEVCt@GbFBPPH
23,Test max 1km,15445992238,2025-08-13T15:07:33Z,slwlHkwxEx@Fh@Hb@CJOD]DoGCUMG]EkAAOBEDAFAb@AxCEbBBVJJhAHd@@JGDGBK@W?}AD_DC[CGECmBIOBCBEP?pAIfEDVHNf@?dAHLCDGBM@Y?kAF{A@iBGS]G
24,Afternoon Run,15445987298,2025-08-13T14:26:18Z,gqwlHi_yEEaCF{@ReALg@NiANuBj@}BBIHKBMXo@@WJk@Do@PsAb@_BTyBDOFcAJk@@k@Fq@@c@TyA@c@Fk@Jm@FiBHa@DaAPqAf@sBZq@z@aCTyAP_@d@kB@QCY_@wBMQYOQSIECKICMMOg@EYGaBNiCPmAVoAb@yAh@uA`@aCJc@Xq@FWAQGO?KNg@LaAFQ\o@Vi@b@mBPgANyBXkCLu@?IRy@AEECOtBo@xEEv@[lBa@xASX[t@]jB?NHZCVYhAi@nCu@`CYx@Qj@CTINK~@?LI\Ed@Cf@@rA@b@Jd@DNFJTLT\^XLPLd@LbAJ`@?TYxAOf@GHM`@QhAQb@QVYv@KPWp@SbAg@pEGv@A`@WbDa@bC?~@W~CWjBc@rAI`@O`BENEJGDWbA?NIx@Mf@Yr@Il@GdAKbA]~AM~@C`ADjBN`BVvALJZJXXRFRE^?|ANNANGNi@Pc@LG`@@FEBMF_BJsAGyC@a@Fq@Yo@D[Nk@?MAMS_@S[uAgAGAODMRi@fC_@z@Kh@KlAAz@Dh@AnAE`DGnABXDF`@FpAFVAJEFG@W\s@HCX?FCHM@MH}BJ}@AKCIKGc@MUCI?YLGDWE_@@kAKGHOxHDNFDr@Bx@H
25,Entra√Ænement 10km Rouen,15423166571,2025-08-11T16:03:54Z,iqwlHi_yEC}BD{@f@kCJw@FeAN_ALe@XeBb@w@?KJi@DiAx@gDb@mEFkBr@_GJaCNm@f@sDRs@l@gBh@qAVqAVq@^iB?]WcBIYGK_@]MUQQWMEKKYEc@CeA@aADq@z@{Ex@eC\uANu@b@aBD[E[ASZmBj@cAj@uBNm@LeBHk@Fy@t@aF?MCHI~@c@xC_@tEm@~Be@fAGFOd@W|AANDN?HEb@u@tDeBxFc@jCIv@Cr@?d@Bv@Hh@HXFHTPV`@ZLNVJ^P`AFl@?Fg@|BKRGPWzAOb@MRk@tASf@Kl@M\EPOfAC`AIp@A`@SdBGjAa@fCE|@Ax@GdAOfAGz@Kd@[v@U`AK~@Ah@_@|AC`@Or@o@rBE`@Ab@OvAWlAMdAEh@BnCNzAJn@Nd@vBr@HAjBLTELc@Xi@FE`@AHEDKBoAPgA?SC{@KsA@k@Fc@?_@Og@AOBS^oBA[@@BDA\GTGFE?i@m@aA}@YMG@IJIPYfAOv@c@dAIXGl@C`ABbBCj@@pAGxDHLX@n@Hv@DLEDGf@mALEN?NEDK@ODeALkACcAQcBB}AIm@PeA?U[q@YYaAu@ICK@KPM\Kt@S~@]n@Mb@Ir@Cn@BhBExC?JpApDb@DZCJGJa@Tk@HC`@CHKV_ECy@Ig@Em@BkAMaAR}@@MCKGUSYi@g@[SSQOEGBIJIT_@vBc@|@S~@E`BDlAAxAIdFHJLBnAHZDLAJIFO\_ABAj@GDIBO@a@Bi@Fa@Bm@E_A@c@EqABo@A]I_@AM@MNq@?SCMa@m@[WMOo@c@ICKDINKX_@lBi@nAETKpBBz@?vCCpBGhA@FHJNBtBLLKf@qAPCXBHGBKD{AJm@@UAo@KqACgADu@Ks@BYLi@?UCM]i@][m@a@QQKCIDQ\UnAUz@[r@Md@E^Aj@BjDCd@bAzFj@H\GLQTs@JSJC^?JKBQBkAHe@Fi@IyBBgBCQQq@D_@Ja@?]IUa@i@m@i@OKICCGKIQ@EJW|@WxAi@pAIZGdAB~CE~DEf@@p@BFLBtBNJO@]
26,Entra√Ænement 10km Rouen,15397589034,2025-08-09T10:43:33Z,kpwlHqzxEIi@SgBAgCL{A\sA`@}DRm@VoAd@kAAQBELk@BcA^aBV{@P{ALo@ED_@bCWz@Mf@O`AGx@I`@Qj@Cd@GVMn@Yv@Kb@Kj@Al@AT]`B[nBAL?t@@b@@z@XdD[kDA_CLeAPaAFk@RcAD{@Jo@\gAZ{ATu@Jo@HqAD[Lg@\cALo@RiBNgBD}@Fa@`@cFPwCLqAVeB`@yA`@_Av@yBZaBJ[b@oB@QQ_BOm@IO[W[a@[USo@Gy@AqAJyAHg@Pq@D[^kB|@qCd@yB^wA@c@EWZkBHWp@uAd@sB^wERgAJeAXgBEDCTIfAq@tGa@`CWlAWj@IHQXGR[fBH^APi@tC]rA{ApE]|AKfAG|A?v@Dj@Nt@FLTPZ`@TLX`@b@bCE\CP]pAUp@[zAsAdDi@tBWfCQxCKz@Ex@_@rCQjCStBQbAU~@UlAM~AGXYt@Y`BUr@Or@YxCk@bDAjAB~ANlBZjAJLd@NVTLB~CFLEFIVu@FMPE\EFKBaALaBAo@EK_@QSEK?q@Pi@Gi@?
27,Entra√Ænement 10km Rouen,15385912981,2025-08-08T09:33:09Z,mqwlHi_yE@m@CyAHy@X}AJkADOJkALq@`@uAr@eBAMDIJk@JkBx@kDLoA`@uGXsBNgBBw@PoBTkBh@sBnAwCX_BTk@\qAF[?KWtAMn@MRIVSjAQh@Yh@o@~Aa@bBM`AA^O|AIzAWjCKn@KfAQpCYvCOx@e@|AKl@GbAM|@Mn@KTIn@o@rBId@Ct@CZw@hECZBxA?v@PjBJl@DPJRTNVHRVHDLB`@E^?v@LTALCF[D_EDmAE]KIWE{@AYCM@GFE~@CdDEnA@HBBLFZ?x@DLBP?DCFOBk@JcF?QESIIMAcAEm@GIBGN@rBEvAAbB@HLFbAHZA^@FOFyAAwADoBASCGMCm@AKC{@IGDGNAZ@pAKdD@b@DFJDVBZCr@LR?DGDa@Bu@@oBDeAEq@AIGGk@Ai@IU?K?OJGrEElA@ZDHHBd@Dt@DFBJALEF_@JyDA_@Bc@Ci@SMcAGc@GQDEHCd@ApAIhD@ZNLXDJ?l@B`@FPCLO^iANEV@JIBERyDEiADsAAcAQy@@SJe@@_@O]e@o@}@w@MGKAE@KHKVa@dC[l@Qh@Gb@Az@D~BAz@EbBGxA@t@JLD?t@Dt@HRANK\cANM`@AJM@IDyALcA@i@OiBCw@By@Ga@AOHc@HIB]AQSUWc@]Yw@i@QCGBKJGP_@|BOb@GHUr@Gh@EpAD`BKtC@x@CtADTFBb@Dv@BXDHCHGBOJaGCm@EGICS?_BMMHEl@IrFB`@HJ
28,Entra√Ænement 10km Rouen,15374295773,2025-08-07T09:16:02Z,oqwlHk_yEAeBBa@JcANo@XyBHeAHi@f@_CRk@Vi@CULc@JwAf@uBVaB\mDBoAt@sGTkDToBb@cBrAkDd@wB\gAReA?[a@cCQUWOS_@WOGGUcAI}ANwBPq@@Oh@kCj@{AVy@TyAj@}BBUG_@?MX_Bt@yAp@uCRkCToBNs@LqALg@@SABQdB]bCUnBKtAM^YxAw@~AIXWdBFn@q@bDGPMt@e@nAUt@Ob@_@zAI^Ej@IZARGxADzADRNh@HJFB^d@^TNd@Nt@PbA?TYxAe@tAOv@k@`Bg@hAa@zAId@_@rDMnBMrA?^a@fCKhBE`@K|AQ|Ac@|ASbAKdBEJQv@KL?PEXu@rCK|AUvAWjAKz@CXDxCPlAFr@Nh@FFPFL@PTVPN?f@Cl@@b@HX?HCFG`@gADGPCR?JKFi@C[PcAD{ACg@CiAFg@@c@EQO[CMLo@@a@CKQWs@{@g@]GGMCKBUf@c@~Bk@pAIz@Cn@H|BEf@EzAApA?nAFHJBn@@XDv@@HMLe@Na@NI`@?FGBWFgAL_BCa@KISIk@Go@PqAK_@?OHCPC~@IhFDJHB`@@XA|@JDGDSDgEBuAASEEIAqAGa@?OH
29,Entra√Ænement 10km Rouen,15363073239,2025-08-06T10:06:15Z,ghwlHojzEToADiATqBVyDL}@`@aBVu@t@_BHYPeAj@gBNs@D[Gg@UwAEOSYWOUe@KEMIMWK_@G{ALaDBURc@@M`@eB`AsCb@mCf@yAAYEYDe@TeADQd@{@L]He@`@oAj@}GPw@VuBEr@]`Cm@jGu@hCm@rA_@pBHf@AFu@fDQ~@eAfDS|@Ub@CLGx@Kx@G|@?p@B`ALh@HTJHFBZd@`@VHLL`@Db@ThAAR_@dB[x@EZ[nAeA`CM`@WjAKl@YpDWdD?ZKd@KjAGb@U`Da@dDs@tCO|AE\[v@Gt@Kh@_@jAI`@OlBMbA_@jBG|@DtCJjAN`A_@}CEgDHm@VkAV}ABs@Ho@Jc@JWV_AD]RaAAULUH_@JmAJg@\cAPs@XaCPkDLcALm@Fc@JeB^{DJaBDc@^}A|AwDXcBPa@d@yBAYYaBM_@KQWMYe@OGGGSk@Gg@Ay@?o@FkAVoBJ_@Hg@JWh@eBVo@Ns@L}@l@wBBYI]@GP}AJYb@w@Pa@j@aC\wDf@gENcAKjAo@nFQzBS~@Sj@_A|Ba@lB?NJ^ERg@tBMv@Kb@{AzEe@zBI~@C`A?p@FbANp@HNRHZ`@XPLTLb@TpABRATUlAOd@OVYbBOb@Yh@m@zAe@hBOjAYjEKv@EtASfAOvAKhBc@|DId@o@`COnB]x@ATSrAKb@OVI\Ed@EbAs@`EGv@?l@BZAt@Bf@Hl@
30,Entra√Ænement 10km Rouen,15342084372,2025-08-04T13:42:43Z,oqwlHe_yEE_BBgADYZsAPgAHw@FgAdBuGLcBFc@`@uAN{@PyAZsFXoBj@cHPeBf@sBvAoD^gBTu@Z{A?WE_@GWKs@K]QUWOOUc@YISIq@GeBDcBJo@d@mB~@{CTm@b@iCZsAFO@WGS?O\gBp@yARo@VgAHo@HeAPmBt@oFCFKnAWlBa@|DQlAe@pBe@|@Uj@WtA?XDJ@LE^w@zD}@fCk@nBYtAOdBEx@?n@Br@DTTl@PLV`@`@XT\^|BAX[bB_@dASdAwAnDq@dCGvA_@nEIzAOv@SdBQjDYdCi@jBMr@Q`B_@xAIt@Ml@Wp@Mj@K~A]jBWhBCp@FfCPbBNx@FLPJH@LHPRVJXAf@FTA`@D`@@NEFIPi@Pa@FA^?HEBGF}AJgA@o@Ai@BcADo@@o@CMOYCY@QJo@G[GMY_@m@k@a@[QEMFIP[jAMt@[v@Sr@Ip@AbBB`@?hCKvD@NDDLD|@Ht@@LEJMT{@FIHC^?JGBE@s@RaCAqBDqBGYOc@@WLu@?QISSY}@w@WMIIMCMHKTa@~Be@dAMf@G~@A`AFfAA|AMdEBVD@r@B|@JNAFKBk@@mCDwBCOCCgAG
31,Entra√Ænement 10km Rouen,15329695967,2025-08-03T11:37:53Z,gqwlHk_yEGaCF}@Js@Nk@T}AD}@Hi@p@gCHe@Xs@ASDSHqAJs@Jc@\}@Nq@P{ARkDJk@JuAXgCH{Ab@cFDUZy@Ja@pAkDVuAFSHOLe@X}AC]Is@[kAEI]UWa@ICMKQe@KgACm@J{Bd@iCj@{Bj@aB^uBf@cBB_@I_@@OL_@Fe@Tw@j@kA`@kBTaB`@uEd@gC@QELK~AO`AKhAStAEn@MbAq@dCc@`AQh@Y|AHd@CTeAxEmAtDYfAShAKfAEjABnABVLj@HRVNVb@b@XHRb@fCAN_@hBQ^a@jBK\c@z@_@bAi@tBc@|DEtAW`D_@`CU|DUtBG^_@lAS~@Cn@E\e@vAUdBc@xASbCc@hCM~@@dDJ|@@^D^DVPd@PJTFTZPFXA~ABXBRANQ`@aAJEH@TEDCDMXqEEoBHeAE]Qk@@WJo@?QAGQ]{@}@c@YIIOCIDOXOl@WnAe@nAMp@CnA@t@BPAv@@n@MlE@b@@DHD^Dh@?j@FN?FCFG^iAJETAJCBEDOH{AF_@BcBAuALoAEa@MWCYJw@@QSe@[_@c@[g@a@OII@GFSf@i@zB]|@ETE^AfB@~@EtAA|CEfA?HFFf@D
32,Entra√Ænement 10km Rouen,15317525853,2025-08-02T10:28:03Z,iqwlHo_yE@aACo@D{@^yBb@cEj@oBTiAVw@L_BX{APg@PaAPwBPsADuAXqBVwCHaBNaAJiBl@kC`@{@Vw@Vi@^kB^mATiA?WE_@_@mBGKWO]c@WOQg@Io@Cu@?aAF}@\uB^yAXcAd@qAj@yC^qA@YGc@VaBFUl@kAj@}BXwCR{AH}@N}@Fk@Hc@@QMrAShBKr@AT]dD]nAKx@Sd@a@x@]tAGd@DT@Xg@lC{@jDUd@q@xBEXYz@API|BDdBT|@VR\f@RJPRT`ARnA?Na@bB[~@ObAOl@{@fBYv@YhAIh@u@`Ka@dDK~BIf@MfBG\o@~BMhACh@O`@Sv@Gd@M`@E\[~@Kb@CTIvAi@|CIr@ClAD~ANzAPdAHP^RJBTRLDjA@fAJXCNUHc@N[FCVALADCDKRgDEgBIq@D{AKo@@QNu@?YO]k@s@y@o@QGIDKPm@fCi@zAKv@EfADxAA`DItCFJNDpBJNEFG`@kAHE`@AFEBOHyAHo@@e@ImA?q@J_BUaA?GLs@@WOa@S]}@w@[QECIBIHMZY|@QbAWn@Ol@Gb@@N~AbAHRAb@ITO@m@IO?IDEJElACbDEp@@RDFJDl@?
33,"Entra√Ænement 10km Rouen
S√©ance 2:
Course 31min: 5:40",15306203468,2025-08-01T09:04:56Z,kqwlHg_yEC_CFkA\eBHYXsCh@yBLw@T{@AGL]PgBTaATs@VsAZkDBu@LcAF_AL{@RyBHmBf@eEd@}ANa@PWPk@Rc@d@cC\eAT{@@a@[uBGUOSYQWa@UKKOOk@GeBD}Ar@yDpAsE^gBb@aBDUAQGUAM^iBN_@^q@l@yBb@uEJq@F}@Lk@Hw@Lm@CEYzCc@xDC^MfAe@jBi@vAOVK`@UtA?LFRCXQt@k@xCo@vBc@hAOh@i@zDGn@Al@FpANj@FJVTPX`@VLPNl@ZhBe@rBO\On@QjAKZ{@hBYx@[lAG~@SbBI|AQfBCr@c@xCCxAc@dEKj@e@~AMt@Et@UlAOb@UtAI\Yx@UnCa@~BMdAC^BpA?j@JfA?VF\N`@Jb@NJPBHDPTHDp@@LCbBNNAHORk@NYNEX?JKDMBiADe@DgAEeCDoAE]Mc@@YH]@WEUWg@Y]k@a@EAWQO@GFM\G\KXUnA]t@Ml@CZCfAF`CGpC?~@Ev@@FDJNFpAFd@ALEHMXaAHEH@ZEFIBOPcD@WGc@Cy@BuBM}@N}@?MCOGQW_@c@c@g@]MMM@QT]fAKt@c@dAOp@G|AB~A?`CMtD@FFLRBvAJNAHE@GB[@aAHiD?o@MKc@C}@IY?CBELEhA
34,"Entra√Ænement 10km Rouen
S√©ance 1:

√âchauffement 10min: 5:45/6:00
Pause 30s
Course 15min: 5:00/5:15
Pause 30s
R√©cup 10min: 5:45/6:00",15297817567,2025-07-31T13:00:00Z,iqwlHg_yECcCHqAT}@V{AF_ANcAj@yBF_@Vo@D_@Nq@D}@RaA\qAZwBHiAFg@DiAHy@d@oE@e@HwAJaA@_@R_Bj@wBTe@x@oBGDYl@]z@Qf@g@rBa@nECx@QxAAp@e@zCGxAMlBUjBk@fBOx@ItA_@vAUpAe@xAGZKhBw@tECt@DbAb@`FO_AUwB@_ACk@DqAb@oBNiAL_B`@}AR_A^iA@_@Ps@HeAF]b@uA\kBPuBFoBZkC^wGb@qDx@eCt@aBf@gCN[`@cB@QAOc@eCKS]UU[[SKQGWEYEiBHaBJ{@Pm@TkAhAwDl@wCTs@?MGFIl@k@vCq@hBaAvDSpAEbB?n@F~@Ln@HLTNZb@ZRLPNh@TjBi@bCUn@SdAOd@Wd@u@lB]xAMfAG`AOzAAv@O|@GfA]jCQdD_@zCEXo@jBEZGlAGb@Wx@UtAg@dBI^EnAQnA_@nBI|@BdCPtBR~@ERa@kE?y@CgABi@h@_DHm@HiATeATu@Fe@l@{A@]Hs@Bi@L_Al@{BNcA\_D@aAH_ATeBTwD\qEHa@Pc@V}@h@mA`@kAs@zAc@rAa@pB[xCCt@U`CAb@O|@UpBSdDQdBGb@[`A[jAIh@GdAMj@KZ@LSrAo@nBI|AOhAWfAMfAEl@F|C
35,Afternoon Run,15285997331,2025-07-30T12:14:42Z,eqwlHg_yEEMAcBDeA^}ANmAFk@B{@Fa@Vu@\uA@MXu@?UDOVgCd@yAPeAR{Ab@_GHe@ZoDRoDViBF[JW\oAn@gBZu@J{@Lg@Zs@ZcBSeBUaAOOMC[c@UMIOSo@Gs@?wA@k@T{AJ_@\gBd@_Bd@mA\uBd@gB?WG_@Hi@ZiA\s@To@f@uBh@aGn@{DAIKrA_@jCCd@a@tDUt@ShAYj@GRUh@Ml@Q~@Fh@WtAi@fCwAdEu@`EEdBBzADTFZHPLJH@\h@VLLRJ`@Hl@Px@@HALa@hBYt@QfAYz@QZs@jBg@dCMfAi@hHe@nDAp@K~AYdCG^]~@IZQnAGv@QZSp@@LENKdAg@~AGf@E~@Iv@_@dBM`ACr@DfCRtBFf@HPTNRBHD\\hA?dAH`@AJIJ_@Rg@JEN?PADEDKDuAJ_BAQB_AAy@LgA?QUo@AOBe@La@CS_AkA_Am@MEG@GBIPQl@[|Aa@bAI`@I~@A`@D`BAtBI|DFRFBpADXF\AHK^eAHE\CJCDM@OHmBFs@A_@IOIEs@KM@[JkBKWBGDIxACrB@n@Cj@@VFFB@pAFb@@LG
36,Afternoon Run,15263326373,2025-07-28T13:00:32Z,iqwlHi_yE?m@C_BLoANu@T_BJwAJo@d@eBJQb@oA?WLw@AG@]De@n@yB\{BNqBBgAF_AZoBV{CV}DNgAVgA\gA^cAd@gAPeAj@kBRcA?MQsAQu@SYUOS[SKMOM[EUEw@?_AHyAXuBTaAr@}B\}@Ja@XgB`@{A?WIc@BWZuAn@sAn@cCf@yEt@sFCNMzAMv@g@xEIbAk@jC]r@ORQb@YrA?LDT?VSx@W|AYlAkAtD_@`BQrAKdACp@BfAHn@HRHNVRV^VNNTNr@VdBc@tBYv@WnAmAzCg@fBG^QlBKz@[`FKt@Gv@OpAEv@YbDQhA_@jAMn@MbBs@dCOdA[|@GXGl@Aj@K`AU~@WlBC`@BrA
37,Afternoon Run,15005178636,2025-07-04T14:09:23Z,iqwlHk_yEEgC@]L{@Ni@XqBN}ApAeFLw@FaAL{@d@qALg@h@mFLmBTyBl@mHVmB^aBpAmDJk@T_AZ_ARcA?SE_@SyAIUKS]WU_@WOWo@Ea@CmADqBN_A^cBZoAt@cC^{Bf@cB@IEk@\eBl@oALu@V_APeARoBZmCNu@Hq@Je@?SACa@tDc@rDKrAc@tB[z@Wb@
38,Afternoon Run,14932925820,2025-06-27T14:39:50Z,kqwlHa_yECM@eACq@Fq@^wBH{@Ha@JwAl@aCFKHa@Ro@PsBNeAf@_BRaAP{APwCh@cFTcDb@yEd@{Ad@oAh@kA^sB\cAFe@Ne@?YG_@SkAOc@EK[SYa@WOQ[EWGiA?oAHgAHo@Po@H{@He@t@yBVk@\gBj@}BBOG_@?GPkANg@n@wAHk@XoAd@qE`@eCVaB@UEFSnCI\AXSvA[dDUx@Kl@M\]n@Wv@WnA?PFTAVw@hDIl@oBbG[fBCj@@b@Ef@BnAFn@FTNTPLR\f@ZJNHXLbAHb@@Xa@bB[bA[bBmAjCe@hBQvAWbEK`ACx@UpASdBMpC]vCSt@Sf@ShAG~@GZYpAIVSlAa@pAKbBMbAm@`DA~@FpBVlCPd@RJPDVVPJ~A@x@HREJM\aAJEZAJCFYBaANcBBeAA}@F{AGi@MU?ILq@?a@GMg@s@s@o@_@WI?I@IHGPW~@O|@k@bBEZG`BDvAAlAI|D?d@HPJBhADZBR?HEFI\cANGZ@DAHUBoALoA@o@GQSKg@GI?o@P_ACg@EOAKJEh@E~EAPARBLHHJ@^Bh@@TBTADO
39,Afternoon Run,14900433439,2025-06-24T12:17:01Z,iqwlHm_yEAm@BeBJgAPw@PaBL_BHe@Rm@Py@HKd@mAGSNg@HiANq@XiARkAFcAZ_DHyAj@sELcC^aEn@wBjAuCZcB\eAVqA?UQwAOq@KMYSY_@[UUs@GiA@iABw@XwBL]\}Az@cCXuAPcA^oA@UGSCOL_APq@^i@P_@d@mBL_AB_AXeBFs@Nu@\wCCDEZE`A_@hDSfAKxAOr@C\U~@y@~A_@pB?FFZCVg@|BMt@u@fCa@dA[lAYxAOfCFrBPj@JPPJXb@NFLJJRJ`@V|A@XKl@c@tAg@vBSj@g@jAu@`CSvAO~A]tFc@rCKfBYpDSfAWt@SbAGf@Cb@In@?NMj@KTCP[nAY|@EVQxBa@~BM|@CnA@vA`@|DVPZHTTJFP?d@EnBJNG\_AHQHC`@AHI@GDkANkBEoBBaBCWMa@CO@SJ[Da@EOIQW_@[[[SYUMEI@MRGRQdAOp@k@lAKr@Ez@DtA?~@IhF@h@DJNF`ABVDRAFIDY?c@DIRJTQHAX@JEDMBO@cALqAAo@GOQIo@Ie@PcACu@EK@GHC^GvGDJ`@FBANA|@FHALI
40,Afternoon Run,14891351850,2025-06-23T14:56:52Z,mqwlHi_yE?gAC}@Hs@Nw@Lc@Fm@LeABcABU`@mAJs@n@{AAWLi@D}@J{@Jc@Vo@R{@NwAB_ANyBTsBRoAN_BRcD\iC`@aBnA_DZeBTi@\aB@YCWYcBIWOQUOWc@IAOIM[Io@Cq@?sADo@j@aEl@sBh@qA`@cC`@{A?WEU@_@XqAt@cBn@gCj@{FXqBRaAAQOnAG`Au@tFKfAM`@E\Qt@w@|AGRW`B?HHR?Lm@dCWtAyApEQn@G^Wj@GzCHlBPj@JPRLZd@RHNJLb@VtABb@Q`Ao@zBOz@ADE@Kb@g@hAK`@Q^c@fBOfAGnAKfACl@]dDGXG`AIh@QvC_@dDG^Wt@Uz@G`@Ch@YdBKVMp@c@bBMf@E^EdAu@lEAz@FbCNfBX`ADBXHTVRJR?XEpBPREFI\_AHKDAT@HCDAFM@u@NeBFoAAiAHwAAWWs@@e@J_@CY[c@i@_@g@e@IMOIKBIHKX_@hBm@`BEVGn@?zABpAExDEfBJLl@Fh@@\BPALK\aAHIHCVBHEHYDmAL{@@]?YIUs@OSCo@Ls@?aAGE@IFEp@?|BG`B@j@FJ\FjAFVEFO
41,Afternoon Run,14859329053,2025-06-20T11:52:36Z,iqwlHc_yE@k@CiA@i@Hs@RiARkAFgAL_Aj@oB^iBNe@JwAPiAZeALi@ReBTmDv@uHJoB\yCf@sBXw@r@_B`@qB^kAXmAA[Ko@QeAIUIMUK_@e@WQISI]Gm@AmA@o@JgADYNe@Dk@\wA|@kC`@_Cf@iB@YEe@ZgBFOh@_ARs@j@mDVuBHgAV_B@UNy@CKSjCUvAo@bG_@~Au@pAEN[fBAHFX?P_AvEY~@q@fB]lAOz@Qf@Ef@C`BFlBXz@TRV^^RNT^vBBPAJ[zAUn@Of@SlAsAdD_@rAGXM`AYlEKv@KtA]|CGp@Ah@]jDYvASj@ETKr@Gz@G^a@vAWvAYz@Ih@I|AOdAi@bDAbC
42,Afternoon Run,14849530931,2025-06-19T12:52:26Z,eqwlHg_yEEcA?q@FyAL}@H]V_BLyAFWVw@n@cDHQH]Dk@L_Ah@iBJi@PiBJyABgAHeA`@kDJg@H{BJu@DaAJaAR}@J[zAoD^eBXw@Z{A@][oBM[IOYMS[a@]Qu@IaB@q@Do@PmAb@}BlAgD`@wBf@qBBOAOGUDe@Ju@Pk@^m@Pa@`@mBHm@PsBJe@LmAPqBR}@?WG`@a@dEStAMrBm@lCUd@Yb@MZ[nB?FBLBX_AhEGd@kAhD[hAO`AMjA?j@Ef@BlBPh@HPVRTZVLLNJ\Fb@DLPfAAH[zAQp@GJIRQbAcBrEU`A[rDM|BIn@Oz@W~BM`CS|BSrAu@fDKpAO`@o@hD[t@GVIbBWdBU|@Kz@CdC
43,Afternoon Run,14827190315,2025-06-17T12:20:27Z,iqwlHk_yECyBDo@\cBPeBFiAJk@`@}AFWBe@XuALYTaBn@mCD[ReBLwANsCLu@T}BFo@@m@h@qFPy@\_Az@sBPe@ZeBZ{@TeADYA[YoBMW[[QYg@a@GMGYGiAAiARqC^uANw@dA{Cb@eCZkADYEc@?YXcBFM`@i@R_@b@iBLs@De@RoAJoAHa@HaAXaBB]SxBc@~C_@fEe@dB[l@[d@IX[`BF`@E\_@zA[zAeB~FWrAOlAI`B@|@Fd@Pl@DFPHV^VNNNDFLj@V~A?R]~AWt@_@dBIViApC_@zAa@`EOjBGb@MdBWvBGn@An@g@jFe@zAKj@QjB_@~AAREHG`@m@vBOdBU|AYtAIn@ARBrAAp@
44,Afternoon Run,14765585964,2025-06-11T11:56:26Z,anwlHqhxEDBb@CJ@NDb@TNJlA~A?d@BDNFJRPj@Hf@P`@TfADn@Pt@F^Z|@r@|CHd@EVFj@Jb@JPFTP`ARp@\nBn@fCFdA@x@B`@AVUrAEf@qA~F_@jC[jA@LHLBJ~@t@JL@FZ`@h@fAx@h@JLb@TPVl@d@n@\zA`@FF?HIlAMd@IhAKf@g@hEQlAC`@Kn@Aj@K~@Mj@BHI`@KbAKZUzAq@bGI\_@xBGx@SbAU~AJP\JHGVONBHFDCDKD?@J?VMj@[dAKx@Ot@w@hFK\U|AYnAMxAUjAK|@m@lDS|@g@rCyAfH[dBa@hB]hBc@pBoBzJs@~CMt@aBhISv@g@rC[pA_AvEE`@i@dCKv@Md@c@vBc@nBKz@a@hBKz@Ot@{@lH?Pi@rFKpCKvAQzDIxHJnG?zBBx@BlBJjCXtEVpCFz@ZpCJhAh@dE@NADEEc@mCUmCm@sFG_AAy@QqCCy@WcU@uBJ_HHoADoAJqAReDJw@T_DRkBt@oELmARaAB_@Nk@d@aCJw@Rs@\mBn@sCbAgFPk@Fc@Li@rBiKt@_Df@mCFg@T_AJs@ZaBTs@D]lAuFdAwF`AkElBuKT_Bv@aFZmCFMGBEXGp@
45,Afternoon Run,14705674214,2025-06-05T15:24:59Z,kqwlHe_yEA{B@i@Fi@Z}A\gDHe@Tu@`@{AVu@?]J_@PiBTcAZ_AN_AJiBFi@HwAb@eEVkET_CN{@ZgAvAsDf@_CVw@XoA?Y]uBGUKO[QYa@YSIQGSEYEmA?q@FiAVeBZoAd@kBf@uA`@oBd@mBBWGW?MRmALc@h@eATo@ZcBD{@\oDr@iE?SM|A_@hDSvAQlBWnAUp@u@vA[lBFV?XMn@ITg@pCm@hBm@~ASt@c@hCApBBfAH`@Pj@VNX`@TLR^Pn@PdA@Xe@tBWt@WrASl@}@pBQj@a@lBKjAAh@OdBe@zEQjAExAYnDObA_@jASt@In@Er@e@vAGx@Gb@Oj@O^Kb@EVEhAIl@i@nCGtAF|@Ab@@ZC_BEg@Bs@^mBDs@RuAJaAHc@JSb@}A^cA?QHo@H{ANo@d@}AHg@PuAVsDTmBV{CX_EH_ALu@d@iB`AgCTs@VqAPk@`@sBA[S}@Ck@IWGK]Q[a@UQQ]GYG}@A{@?[H{@XiB\_BTaAv@iCbAmEGq@Fa@\oAr@{Ab@{BVqBHiALw@JmA^{B@OCDInAW|B]bCOlBg@xBQd@c@p@Qh@UrA?NHP?HSrAQj@_@lB}@hCc@~A_@`BMxCBjAFXJd@LPHBl@p@RLLRDL^dCM`@SdA_@dAWtAu@tBWl@Md@Yx@Id@QnACt@OlBw@nHC`AKdBUxBKh@i@bBSfBe@hBEh@ObAe@xAKzAM`A[zAQbACn@BH
46,Afternoon Run,14672412149,2025-06-02T13:09:39Z,mqwlHk_yE@c@CeA?c@Hw@^yAPwAB{@Fg@\wANq@?Ob@oA?KLc@H}@PoAZy@P}@^cEFkBNgAb@qENuB^gDb@{ApAeDH]Hm@X{@Fa@ZmADWUeBSs@KOWMYg@MEKIIQGWEWGmADiBHm@T{@@QLm@x@yCTk@h@oCd@gB?QGc@ZcBN]T_@FSp@mCTaBX}CVaBHy@FWB_@Kp@Gz@Kh@Ep@Kf@Ch@Q~@Cj@WbBc@fBs@vA]bBAFH^?HY~Ae@|BSd@aA~Cm@nCK|@GpAFhBH^N`@\VPVVLRVFTL`AH\Bb@Y~AYt@a@rByAlDe@hBIv@E|@OtAY`Ec@lCMvC[hDi@lBS`CELEb@Sn@CJBHe@dBc@fACXEz@OpA_@pBIl@Ar@BpBN~ANx@J^HHVFPHTVJBp@CnBNHCFIRk@P_@HC\?DAFOFsAP{A?YEi@?i@F}A?[EWKSCOJsAAIUe@w@y@k@c@MAODGJMb@Mz@Qt@e@dAM~@E~@B`CE|A?bBCpABLDDn@?VDdADHE@EJc@Te@j@EDCBEDQBaAH}@Dk@Ea@EMc@K]Eo@Lk@AW@o@GM@GHItAAvCE|@BPJLFBjBHLCJ]
47,Afternoon Run,14599074552,2025-05-26T11:23:44Z,kqwlHg_yEEqCB]ZyADc@N{@D]DaAHa@Tk@b@qBb@s@CMJq@DcABYPy@HUT_ATwAb@cGLcAFiAPcBD{@RwBJmBLg@xBaGX{AZ}@XwAIs@SkAIUKQYSW_@[QMWE[Gm@AiA@a@NeBTcALgAJa@r@yBTi@Ls@x@kD?SG_@TuANc@f@y@Tu@Hs@L_@\oCX}CXwBJc@@OC?m@dG]`DWhAGh@I\O\g@|@IR]jBHb@EXaAnESt@i@xASv@k@hCIv@GzAFfBDPVl@TNZ`@TNLPPp@PbAD\CROf@Ib@Od@MX_@nBITYf@k@xAo@vBMdASbDy@tIAl@IzA]rCm@tBIn@M|A_@rAEVGPWlA_@nAEZCbAGr@Kp@Sx@M|@?x@Bn@Ap@Bn@NpAXjANJJ@NFVVLD`A?VDbADPGHKRu@HMJE`@?HIBGDkAJsA?qCF{ACQGWGKCOLuAEQS]w@w@c@[QIO@Q\e@`Ci@lAGh@EhB@~ACxBGnC?\HLPDp@@PBv@?FGRo@LYJG`@AJID[BaAJ{AAe@GM_AS{@Ns@?}@GIHEn@CtDGlABNHDxBLFAHW
48,Lunch Run,14588937438,2025-05-25T10:24:18Z,mqwlHe_yEAuBBk@^qBReBJsAx@aDf@qAAQHg@@q@Fq@Je@d@yAR{AX}CBy@Di@d@{DJoABi@LsABo@TgBb@gBpAaDHUNaAFWJUFU^oBA_@SmAEWISaAgAWQQk@EYCaAHeCJo@Da@d@}B`@uAX}@^_BLw@b@wA@OG]?IHo@R{@Xi@^}@`@qBVyBPiBb@wCNuAGdAYtBCb@e@dDGx@g@tBO`@]t@Qh@W~AF\?Ra@bBKt@YhAqA|DUfAM\QdAAfAEz@DfAD^FVJRRL^d@VPNXd@~B@HGj@WfAe@rAKl@Ut@Q^w@nBk@bCMdAMjDKv@QpBWfBW`E[jCk@lBIf@SlBW`AEl@UdAc@|AIbAOjA_@`BOnAAXF|A@z@P`BJl@FTTN\HTTJBPBj@Al@Dv@BHCJIVw@JQDA`@AHGBQDeAL{A@y@CaAF_BA_@Me@AQLaAEU_@m@Y[w@m@QGO@KPQf@_@bBUf@Od@MtAAh@BdA?~BCpBGvA@NHJPBT?~@D`@AJEf@mAHC`@CBCDOFqBJkACc@SGs@Kk@NS@c@?iAGC?GHG~B@l@GpCHJD?tBDNI@Q
49,Lunch Run,14559614406,2025-05-22T10:53:03Z,mqwlHo_yECoB?k@D]XmAB]Pw@LmBr@cCl@{ALqBJq@Jo@Ro@RcAVwBL_BFuAZqCNgBBm@TuBPwBJi@\oAr@eBb@oAZaB^mAB[J_@DWAYEYSmAM_@[U_@g@WMQa@GYGaBDaBHk@N}@FOPmAXeAv@qBZoBPg@ReADWG_@@Q\cBHUb@u@n@oCTyATcC^mCFs@FY?UCRMjBo@rEAZWpBYlA]z@Wh@[lAMr@J\CZSv@m@bD_AjCe@|Ac@`DGdBBdABXHVJRVRNXd@ZJPHTTlADXB\[xA[x@IZSlAoA`Da@xAU|As@hIObAYvCIjBYrCq@hCMx@Er@e@lBIz@e@vAKf@ItASrA[zAGn@AX@h@?jBPnBJj@HTLPNHL@RPTJL?h@CVBTAv@HNCJQZy@FEj@GDGBOBgAHu@DoA?k@DaABiAE]KYG[Js@AOEQO[_B_BQGID[|@]dBe@pAKd@C^Cl@DbC?~@IpB@RGbA@TJFd@FdB?JEPk@NYNGV?JKFO?o@RaCAa@AIIEcAMa@JU@}@@i@EM@GHKrG?f@BDJDl@?hAFJG@GB]
50,Afternoon Run,14527881525,2025-05-19T11:34:24Z,oqwlHk_yE@qDTqAB]TsAP_BBQz@wC\w@@ICOHSF_@Bk@Fm@Lm@b@yAJq@^iE?i@Be@l@mFXwEPuAd@oBnA}C^cBv@sCBS?]a@{BQ[UKW]YQIMQm@KsAFwBJq@RkAXiAhAmDjAeF@SEo@ABJb@E^g@xBO`AmAtDk@vBId@OrAEhA@dAB^Nl@FNXTR\JFLDJJTj@XdB@VWnAk@dBOdAa@fAo@vAe@zAOx@MnAStDSpBO|@S`BIdC[bDGZg@hBOpACv@_@lAOfAs@zBGd@Cl@It@g@fCIp@?zCX`CH^@LCRGLm@PSBEB
51,Afternoon Run,14519123569,2025-05-18T12:57:57Z,iqwlHi_yECC@}@Ci@Bs@t@{EFaAXoAT}@@KF]`@sA?MX_Cn@qBXaBLcAJqAF}Aj@eFJsB^yEj@sB|@uBPi@VuAHWTi@`@qBA_@G[Q_AMc@EG[U]c@SI[_AIqA@cB@_@Z_BPo@Ly@dA_Dp@gDRu@DSAUCQ?QZyAJYVe@P_@h@wB^yC?]Jw@`@yCN}@@QEHo@bGUvAKnASlAOl@aAtBYhBF\ATg@zBSpAo@hB_AvCOt@QlAEjB@rAHp@FRHLVRZ^^ZFLd@~B@R[vAYbAWrAIZw@lBUb@a@lAGXQvA]|EWpCS~AOjC[hDMl@]hAOn@U~BY`A_@vB[~@Ip@Ch@ObAk@xCC\Al@FdC
52,Evening Run,14500287563,2025-05-16T16:39:25Z,cqwlHk_yEGyBFaAHk@Pm@j@mE~@yDRk@AILi@B}@Fi@t@sC`@wEBoAf@wCJkALwCLuAReBn@uBnAkDXyAZ{@XwAAe@[gBK[KQSK[_@UOKQMg@IgA?k@HwAR_ADi@b@mBD]`@wAVm@XgBl@{BDWI_@@IXyAJ_@Ra@^{@b@uBPcAFgAHs@x@gGCHIbAUxAAT[bCKhAa@bCSt@k@fAY`AMl@CZJd@WnAq@zCsAfEg@pBIh@IhB?t@FhANh@LRRLT^TPTXLf@X`BAHYvAa@vAS`ASn@eA|BW~@UfA{@xK[dCMbCM`BU|Am@pB]bC]jA@HS|Ag@`BEd@Ez@y@~E?v@BlBPrBLr@JVLNTDZVNHVC\?j@FHAP@`@@RCFKLg@NWHGVALEFI@I@c@RkDCu@D}B?QUq@@[Hg@?[GQWa@Y[_Au@KAKDQXEPa@jBg@hAMv@CtADjAAhCKvD@JJJPBD?|@Dd@?PCHG^gAPGXAJIBQD_BHaA?g@AGCCk@SYEUFYFaA?o@EKBIJI|@@vAGlC@RLLF@jBJNGFS
53,Morning Run,14463939601,2025-05-13T07:18:08Z,kqwlHc_yECyABeANmAf@_DJoAb@wAVoAZmALcBJo@VaAZy@ZyBPaCBy@JgANy@D_@PyCToCDs@NqAn@wBdAgC^iBb@qARaA@WWaBOk@OUWKQ[a@[Sq@Eo@CqAH_BLw@L_@VqAd@cBj@yAd@iC\qABWI]AQ@ORcAFUl@oAb@oBL[Bo@Ns@L}@L}AF]LmAVmA?OKhA]vCC^QdAA^UdBk@vBc@z@M\_@rBF\C\i@zBATc@bBw@~Bg@tBO|@EJKbBAXHjBNp@HLTN\b@NFTb@`@zB@V_@fB_@fAQ`AQf@kAfCMp@KXIf@MlAGhAGf@C|@WlCQjA[rE_@pDMh@IP[tAS|BY|@INQnAg@bB[~Ca@lBIbACLAVBlBV`CRbALNf@PHJRJNBt@ArAJLAHCDEV{@JOBCXAPCFSDwAJgA@w@AeAHwA?YEWQc@?QJy@AUWe@k@k@k@e@QIMDWh@c@jBg@jAIl@EhBBrAEdC@z@GdB@T@BNF\AfAF^CFGHQPo@FKFAT@PEFMDyAJgA@g@CKEI}@Uu@NYE]?{@GMFADEn@IjGBFFBpBJNCDC@g@BR
54,Afternoon Run,14446878617,2025-05-11T13:06:14Z,iqwlHo_yEEuB@k@Hs@T{@PeAPsBHa@Xu@XoA`@qAPgCViA`@gAJo@T{CFgCJi@PiAJk@J}AJ{@PiDFk@Nu@d@uAjAsC\gB^iATkA@SCQI_@Ee@Sw@QYOGU]_@]Qg@CQKkBJkBRqA\uAb@mAN]^eAh@gCHq@Lg@B[?IK_@?I^iBr@sAd@gBLk@RyCd@aDFs@RiAC@Cb@Mx@Cb@Kx@Iv@UzAEl@QhAg@|Bi@~@Yp@QtAFZ?HMt@IZq@dDOh@c@dAq@dCQ`AM~@EdADzBRr@HNTPRZf@b@FL`@xB@Ra@nBa@lAMz@EP{@hBYt@_@tAKj@]fEAf@MtBi@rDC\?p@[`EKf@[z@Sx@If@EbASp@Q`AMz@u@xBGxAIv@Kt@W|@Ih@El@BfB
55,Afternoon Run,14425356169,2025-05-09T12:37:12Z,kqwlHm_yECaBDkAFg@XqANuADcAH]b@kA\sAZs@@]Ni@?u@Fu@f@{ARkA\gEBeALuARiALsAFaBTeCBq@Jo@XcAbBgE^kBPi@DWZuA@SCWQ{@Ca@ISSUSIW]YSIQMc@Ea@E}@@q@DaAL}@R{@PkAV{@n@kB\gBl@cCB]G_@NkARk@V_@Zw@R}@Ng@PgAPgB?MT{Bf@_DAICBAFEx@_@tCOjBa@vCGLYtAy@`B[jBAHD`@Mx@[lAY|Ag@|Ak@zAo@hCG`@ErCDnADVPh@TP^d@TLVd@^|B?Fa@pBYt@SnAQf@aA~Bk@`BWnBC~@OpBOrAAb@e@jDS|DObACp@w@rCSpBa@xA[lBSj@Mb@SzCa@`BObADnDHv@ZpBHPNJVB\XNBn@?fBLNETe@Ne@DKJE\?FCBEDSB{@H{@@y@EmADwBC_@Oi@JgA?QIUOWw@w@_@[KGICE@g@vA]vASb@K\In@EvA@hACx@?dDG~ADNDBjBLb@AJKX{@FIJE^ADCFOFkBDk@?m@CUAEw@OI?a@Fa@D{AKQ@IFGnFE`ADPDDJBn@?z@HPEBQ
56,New 5k PR üéâ,14406606206,2025-05-07T13:32:10Z,eqwlHk_yEGcCF{@Z{ARoAL{ATiAjAmD?OJc@D}@Dc@\{ANc@Lm@LuADkAH_A@g@Du@^uCJqADiA`@wEDYd@_B`AuBDQN[Jc@Ly@Ri@b@aCC[Qy@Ec@K]MQYQQ]WMIKO_@ESG}ABk@NsBHk@f@aB`@uAj@_BXwAh@wCIg@?QNkAL_@h@_An@_CHe@J}ALaAFcAZmBFm@Lc@@YOrAYtBa@`EC^Kl@e@pBSb@a@l@M`@ShAAPH\?RGXc@dBWtAwAlEIb@WfAQvAEtABnAJp@JVHJTPRZZTNRFP\rB@ZUbAo@tBIp@GLMb@e@~@s@fBYhAWxCKdCYlC[jBIdC_@nEEP_@x@GZ[fCk@tBStAa@pAE\Ax@Iv@a@fBMjAAZD|@?fARnBXtALHXFXZNDr@ArAH`@ALMXw@HMDC`@?FEFOJ_CF_@?[GoBB_AAo@Oy@NqAAGQ]Y_@eA{@SKMBMZSl@SlAg@bAGPCREx@AfABpCCxBE`B?VHJpAHz@?HGPi@P]DEJAZABEDIFoADg@DcAC]AGUKc@Gy@Hq@?gAEKDADQjHBRLFxBJHKBI
57,Miss PB...,14386025142,2025-05-05T15:33:41Z,eqwlHg_yECECeCLaAXuARcBB}@Fe@H[Xy@N}@\eA?ORq@PyAj@mBLu@N}ANiDZeCJwAJaALeB`@gEP{@ZeA`@y@p@iBVuAVu@\_BAc@S{AI[KSKKKCa@i@UOKSIYGw@C{@?s@D{@x@cEJa@|@aCLi@VeB`@uA@SGe@ZaBPg@^w@RcAJWX_BP{ANoBn@kEQhBm@dES`Cg@vBq@`BIT_@jB?FFR@PEZ}@fEg@rA{@xCOp@]~BCn@?|@JnAPh@TR\d@\RHLHXVhAFp@YxAi@dBSfAy@hBWt@]tAYxBOdC{@rIEdAm@jFCPe@bBc@nC]hAWhB_@tAIxASrA[tAKpAAd@BbCL`A@ZNz@FNRNXHZ\JDfAEx@Hd@@DCDC\gAJMLAR@LCBGHmBLkAE}AHmBEc@Ou@LkAGU_@k@sAgAOEKBIHGTU|@Kl@g@|AOt@EnBDxBGvDCp@?P@FDDR@X?pAJJAFA@E`@kAHGb@?HEDQB}@LkA@u@CYIGy@Oi@NS@sAEUCM@CBIfCA|AEnA@HHLL@lBJDAFODw@
58,Afternoon Run,14365889461,2025-05-03T14:25:09Z,qqwlHi_yE@A@e@C{@BqAFg@^_BZaDDYFK`@cB^qABQPm@HsAb@sBLa@TwAH{AD_@HyBFUZkBPkCDyAPoBL}@\}Al@wARo@Xe@N]H]Fq@j@kBPaA?Oc@kCQUSI]c@]SK]Ig@EoAF}AFq@Fg@L]Z}AT{@j@}AnAoFDYG]?SVcBr@{Ah@sBd@iDPcCd@kCHq@o@lEM|AMr@GbAWvAYnA[r@U^KTMn@Ir@APFXAPYzAm@dCkAhD_AzDChCHpALn@FLVRXb@JBZXFV`@~BAPUjAg@xAUrASj@iA~B[fASvBMpBAr@s@|FKj@AZ@b@Cr@Q|BU|A]fAYtAMbBc@~AEXMl@Qb@St@CXE~@KZGj@Qr@W`BCZ@v@Bb@?fAHj@AWGc@Ae@?iBBk@ZaBFe@NuBHs@h@qBJU\kA@OAMLUF_@D}@DYViARm@RmAZeD?_ADe@j@oEDmB^qENo@\eApA{CPq@Lw@h@cBPaA@QEWUyAK]KOWO[c@IEOOSo@G}@Ak@BkBPqAPg@TiAXcAj@{A\gBp@mC?SI_@?I\mBRWZw@Rk@XmAJq@h@_GRsAPm@D]?GEDE^UzBi@tEGz@GZMZE\On@Qb@]j@Od@Y`B?HFN@P]lBWv@Qz@a@pAo@hBg@zBMbAGxA?t@Br@Lt@HRJJTLP\^VJRHT\nBAR]|AWl@I\Kf@E`@yAfDa@hBM~@IpAQvBS`BEt@a@~CInBGb@G~@Q~Au@fCKh@CbAMv@]fBi@hBa@vDYlA
59,Afternoon Run,14353861867,2025-05-02T11:53:41Z,oqwlHc_yE@y@CuAJy@VkABq@PsBt@yCFMNo@Pe@CI?KLo@P{AJg@b@qAFa@b@mED}AR_BLo@NsAHgC^cDr@cDjAyCZwAf@eBR_AAWKs@Kq@Me@KOYQU]QIS_@IWIu@Cs@JqCFYB]l@yB^oAh@}Ab@aC^aBAYCM@OPeARm@PYZq@`@iBPmAFs@F_@Bi@TsAd@mD?UQvBQ`AU|B[tCa@zAWn@e@bAGVUxA?LFTCZcAtEq@pBo@~Bg@jCGdBFfBFVTf@PLV\XPLPJ\^rB?N[xAg@pAQnA_AzBu@fCM~@YjCGzAQpBa@fDSnDUhBMt@Yx@Mn@SlAKjAUr@?LCFAZw@lCGd@C|@QnAQv@SnAEr@D|BJrANt@@b@AP@FBBBOEa@SgAMiAEqCDa@p@{DFmAFi@`@qAJg@h@kBAMJe@V}Bd@eBFa@b@}DDqAFY?QHaA`@iDDiAF_AT_CLs@DYb@uATi@Rq@Zs@ZwAb@{AZwA?W_@}BEMMOWKYe@SMKQMg@I}@?w@HiBDYNm@Bi@La@He@hAoDTkAp@oCBYG[Lw@XiAr@uAd@sBPeALeBXaBBg@LaARcAASId@KrA[nBAXI\KrAUdBSj@Q|@e@|@Sf@WbB?FFVAP_AtEY`Ac@dA[bAk@tBO`AA`CDfAFTFVHRTLX`@h@`@Ld@ZtBa@lBWl@GRQhAK`@Yh@k@|Ao@hCQpBQtAMfCi@zEOhCW`COv@Y`AOn@EXE|@Gb@]lA@RGXMp@a@lAKd@
60,Afternoon Run,14321852871,2025-04-29T12:39:57Z,kqwlHm_yE?mACcATiB^sBLuANy@Tq@VqAf@wBTiBp@yBLeAHu@D{@JgA?g@Fu@XaCPkBN}Bb@_ENo@X_AhAkCZaBPg@h@_C?IE_@M_AMo@GMSOSIQY]SSa@GWG}ALeCr@eEhAoCh@}CXcABWGa@@QDYTgAt@aBn@eCT_CFgAHs@f@aD@YDa@CBKtAc@nDCj@Op@Q`BQn@WzAUj@[h@IVUtAANFZ?Pa@hBc@zBIRW|@w@~B]|AIn@MbB@dB?PFVHXJPZT^f@TNJRDLV|ADZCRYxAWr@]fBqA~Ck@vBMv@EjAIp@GxA_@jDYzBQfDOxAKv@c@rAOv@IpAGb@Y`A[fBg@`BGh@Al@Ip@_@fBObAAbABdBHhB@XNp@FLTNb@NLRJD|@?fBJPEFM\aAJEb@AJWBy@H_ABs@AkAJ}CSs@?[Hk@ASKW]a@OIu@q@YOC?IBOXc@pBc@hASv@GfBB`BGtFA\?PFNJFx@@TDd@@LANKV{@HMHE^CDAFM@K@o@NcB?q@EMIEWI]EU@]JM@a@E]@o@CE@IJEzA?nAGtB?TNJNDfBFJGFO
61,Chill 5k,14312012122,2025-04-28T13:43:08Z,kqwlHg_yEE}BFiA`@gBBe@Ha@HmANq@Zu@No@BGDC\mA@MCMHa@NgBNc@Hc@Ti@ReANeB@g@Fw@DiAJaALk@Fs@F{@FoBb@}El@mB^u@n@eBNq@Ny@Nc@V_APeA?QKw@_@uAMQQMSY_@UGMMe@KaB@kADc@?MR_BPe@TcA`@gAn@yAXeBLg@V{AAUEUXwBHQf@w@Pc@Nu@ReAJyAN_A\iDf@cC?EE@GVYrCYlBOpBOnA]vA]fA[h@W~@O|@F^?NKl@KZSpAWdAiApDc@`BEZSx@KrBBnAHn@FRP\LH`@d@TJJLPj@VnBYxAe@~AQ|@Wr@KNWh@a@lAg@tBYjCG~AQnBEbA_@|CE~@[lDEl@CNe@lAMj@Kt@ClAY~@OZMx@m@vBQjC_@bBKv@GbA@f@?bAP`BZzAHPHFVFVVNFx@?l@F~@@HCFITu@HMFGd@CDEDOBcALsACiBBq@Da@@q@CUWs@N}@?M?IKUYa@YYu@o@UGGDILq@jCe@tAG^GjBBrEKlDDNJDnBLN?NId@kAj@GHM@QNeDEyBJoBSy@BYHm@AUc@m@eA}@SOKCG@OVW~@Q~@g@zA
62,Afternoon Run,14295308324,2025-04-26T12:43:02Z,mqwlHe_yECiB@k@NkAFWAIPuAPaADu@\iA|@eDCM?GLu@Fu@Pw@`@qANo@TyBJ{ADcADW@a@n@eFDcBVwCHm@VcAZ{@fAmC\iB\aAR_ABY?QKq@WuAQUQKc@e@SMKSGWIu@As@@k@JqAVwA@QTmAf@gBb@mA^{Bf@gB?SE]Fe@ZoAf@iAp@qCV_BFcAR{Ap@sE?KGR?\OtAW`BCj@WjBG~@[zAQf@s@`BM`@W~AHh@g@xB_@zBS^aAxCg@jBMp@G`CFnABXJd@FJn@p@RLNNJRXrAJ|@a@fB[dAUlA{@lBc@tAa@~Aa@|DCjAKbA[pCCZMbA[nESxAu@zCMdB[|@_@zBUr@Id@G`@Cv@QhAc@xBEZA~@BjBPdBTjAHJPFRFTRPFh@?r@HTAj@FJAJO^cANI^AHKBQBu@JwA@qCFoBQu@ASJo@ASEOc@i@gA_AOIOAIHQb@Oj@Mp@k@~AId@IbABrBArCI~C@PDBt@@hAHJALIRs@PWBAj@GHSBkANoACq@GI_AUcALy@?i@GKBCBEhC?l@I|BBNDB^BzAFJEDO
63,5km sub 24,14250549284,2025-04-22T10:31:46Z,cqwlHa_yECEGqA?qAFe@XkAL_AHWDS@q@Jy@Ty@P{@FENm@Xs@@IAMPwBl@eCPaAPcBP}CLiATuAZoFZwCf@yBj@mAb@gANg@RiAZcAZ_B?QCYSmAOg@OOQG[c@[UQe@Go@CsADgAHy@d@qCLe@hAyC^mBb@eBDc@Ig@Fg@P{@L_@j@cAj@}BLy@f@mFNs@B[Ns@BSAKEJ[bDMh@OhAU`CIj@g@pB[v@U^IVS`ACRHl@e@hCe@nB{@fCm@dCUl@KlCBbBBRFXNZDDJD`@h@VNHJHTb@hC]~AWt@_@fBSp@cA`Ce@tBKt@[dDWxDMt@Q|AAp@IfAOrAKzAc@rAQbAMvAGZc@hAKnAq@~BI`BO~@S|@UbBBvCDn@P|AH`@FNJLRJD?h@\zA@dADRCHIVu@JOPGJ@JCHMB[B}@JoAAsA@}ADg@C[M_@C]Jy@@SEOYa@_@_@w@o@QGOFQb@k@`C[v@Kb@C\E|AD`AGxC?|AEt@@RHLF@ZARDdAFRCHKH[Te@JEXAJIFQF}AJgACm@CEUIYGU?k@LyBIQFCPAdACdCCnA@RHN^?VAfABFCBG@I
64,Test allure 4:30 pt.2,14234124909,2025-04-20T15:08:01Z,s~fkHcowDzCw@tAUl@Mv@YjAo@f@_@v@_@tAaA^O^AVH|C~Al@^XXZh@Vt@tBfFv@tBfApCZfAVvANjAp@|GNjAVdA\t@V\hA`AxAhAzBlBhCnBl@j@b@f@zBhDr@|@rAzArAfBfExG~ClEZh@~BhDvA~BbFbHjDbGhAbB
65,Test allure 4:30 pt.1,14234124267,2025-04-20T14:53:47Z,}wckH{btDeCaEi@gA{B{C}@yAcBaCuAwBsCcES_@k@u@{A_CSUiDoFUYkAmAcAoAa@i@eBsCk@m@w@q@eBwAq@e@eGcFOQWa@[w@Os@i@yEY_DS}AWiAaBoEkAqCqBoFMWWa@m@c@c@Sw@c@s@]k@]SGE@QDw@l@wAz@KJiCvAsA\yATaCh@qBl@
66,Afternoon Run,14223985631,2025-04-19T14:04:22Z,uxckHuctDcAeB_AoBa@o@cAsA]k@u@aAe@u@gAwAe@y@MMMYOScAaBw@eAy@qAi@q@O[{@kAaDgFcB}BkAoAi@o@c@o@_A_Bg@q@yAuAkCqBuBiBkCsBk@m@Uc@YeASaBg@iFS_BKs@SgA[aA{AyD{@sBcAmCs@eBc@w@gCwAk@Y{@g@OASJ_Ap@{@b@sBrAs@\wA`@cC`@qBb@{Bv@i@^}BnBuDpDc@\{@x@kHdHqDhDwBxBgF|EgBhBq@j@}A`Bk@d@s@t@q@l@STAA?KpDmDl@g@|@aAzByBrBkB`E}DxAuA`@c@~BwBTWf@c@HOz@u@hGgG~@y@fCeC|AoA|@c@bCs@r@Kv@UjAQnBm@FGt@]`EcC^]NEN@b@TxAp@fAt@h@VX\h@jA~BlGj@nALd@hAnCVbAPdA`@|DPlB\hCVdAHRT^LPh@h@zFxE~BfBd@b@r@t@h@x@D@nAtB~BnC~ApBhCfEbAtATVp@jA`DvElBxC`EvFlAhBfAnBX^LZbA`Bz@nATJRl@`@l@jAnA~@jAZJZFXLf@\t@|@N?DAPQv@uBPYTS`@KP?ZLVXLH~@d@NBj@G~@[p@a@~@e@hBu@f@OzAi@~BeA`@]JAXOfAu@|AqAPSl@g@z@q@`@_@lEsDxCkBnA{@NIB@EFMLgBfAe@VwCvBYT_@`@e@ZmCxByClCy@j@wBjA{@`@kE|AkBx@oAr@y@\a@HM?MAgAo@c@[]MK?a@JKHKJQ\s@nBSTMBMEk@s@u@o@YKg@IMGkCuCU]
67,Afternoon Run,14194133150,2025-04-16T13:15:32Z,gqwlHg_yECAEyBHsAXyATaBBk@Ls@Z_AXoAb@cACOHk@AIBg@Fk@j@iBZsALuAReD`@aD@c@NiABmAZyDP{@ZoAj@wALg@Tc@Ne@XwARk@Pq@L}@A[Io@WoAKQQKc@g@YQUm@ImA?w@B}@Hm@RsAReA\oAt@sBf@oC\sABWG]?G\oBl@kAn@eCF{@F_@\aDf@oCH{@q@fFMdBQpA?Pg@~AOz@c@z@Sh@UxAH^@HO~@{@tDWz@a@bAc@tAUbAEl@Mj@GnA?ZBhADZXr@PLX\RLNNJTNp@RnA?PWtAM`@GJU~@Mt@Oh@Yf@]z@u@dCe@zEYvEO`AMnAQpCWfCKd@Y|@Qr@GXMbBY|@Eb@UlAUp@Qp@Gl@Cj@QvAa@lBEd@AZDnCNhBJj@L^JHTFZXLFP@r@CtAJPAHGf@oAPCZ?DCDOBeALqBAaBDaBAm@Oa@?ILkAK[MQ[_@s@i@QUECOAEBKZi@vBk@zAIn@EfBDhBCfCClAEz@?FDFDBPBrAF^?NI^gANIZ?JIDODaBHy@Ao@COECs@IKEM?YJUBgBIMFALChDGvB?PBFPDhBDLEF]
68,Afternoon Run,14175557185,2025-04-14T15:19:54Z,kqwlHk_yE@c@GcBF{@t@eELqAr@gC@OFYVs@?UJg@JuAVaAXu@TyAV}CHuBJw@LuAJg@Fi@PiDZsCp@_Cl@cBNWRi@TuA`@mAPeA?Y_@cCKQWQYYIMUMKUGWImB?kADc@PuAhBuGh@gCd@_BBYI[XeBFW`@y@Na@VgAV{@`@oFh@aDDa@?ICBEhAUvAI`AWpBKtA[bAWhAm@dAQj@QrA?PFVAN_@fBWbAQdA[v@c@rAYfAe@nCK~A?lAFp@Rp@ZR\d@XTNX\xB?X]fBQd@_@pB]p@Ob@g@hAi@pBi@zFW`E]fCE|A[rDq@~BKr@KdAg@`B_@~BIVO`@G^GzAc@xBU|AAl@B~@?n@Z~CFXFLf@Pb@ZJDd@@VCrAJTCDABEb@kABCJC`@ABCBGDeAJgAFiAAyABgAGu@O[?I@SHa@BWCS]g@[]q@i@QKSAINa@rAQ~@a@bAKh@GfBFdBKrCAlCBPLFb@@\Fb@BRANIh@sAPCR?JEDOFoAJkA@YCYIMOGs@Ke@LO@iBKMBGJIrFEn@@THJD@LAj@Hj@BRALS
69,First Toinz's run of 2025,14164796198,2025-04-13T11:34:33Z,kqwlHg_yEG}BBe@Dm@\yA@WNw@PkB\kAPy@N[XiALs@JuAF_@ZeAf@mCNkBFwBb@}DXaEd@}DZkAr@aB^gA\eBb@uATkAAUI]S{AMSKKMGUYc@]KWIa@IwAHmBDo@Lk@HODe@Jg@^mA`AgCR{Aj@cCIc@?QRyAHU`@y@To@ZsANy@Fg@i@zCWp@]j@Ut@WdB?FJV?FG`@m@dCO|@u@fCOZo@dCUtAEbA?j@@bADVRz@VLV`@`@XJLFR^dC]hBa@jAO`AOb@Y`@K\Yn@m@`CIf@MzAM|@InBQrAEt@GXEv@Kp@AZMhB_@lDq@pCIf@IhA_@nA@FU~Ak@xAEh@EvA]~AUvACf@@bC
70,5km EF,14147587813,2025-04-11T16:20:45Z,kqwlHc_yE?u@C}@Dy@PkALm@JmAF[HoAH]X}@P_A`@iACKHMJi@RsBf@cBXkBBYB_AJi@DaAP{AD{@V_CL}B^{Df@}A|@eCPa@`@qBZy@X}A@OGc@Y{AOWSKe@m@SKM[IWIcABiCVqAJ[T{AdAsCRy@ViBb@eB@QEU?YXaBr@uARs@TeAJq@ZcEZwBTgADa@EPCl@c@`DSrBENCh@MbAc@bBs@vAM`@UrA?PFVAPQfA_@|ASlAY|@S`@g@xA[|AQfBKdBBr@Hp@FVJPRLV`@ZVRXb@tB@\[~Aa@jAI\Mv@a@fAs@`B]rAOfAMtAGh@q@nIMfAIfBOnAWpBMf@Wv@Mp@MlB]jA?HO|@o@hBIp@Cv@YhBQv@Kz@Aj@@bCHf@H|@VnALJ^RXXlABh@Fr@BNCf@sABCj@CFIB[?i@JeA?_@Bs@E{AFsAGe@Mc@?QJk@@_@EOU[]_@y@o@OGK?EBQd@WlAOj@]p@Mr@Cf@BfAEnFInC@PDH~BNNCJMTq@HQBAPCP@JGFWBaALcBCa@CKMGo@OM?[HS@o@?k@IW@IDEx@IfF@\BDJDl@FdADHCBGDa@
71,cardio after workout,14106868843,2025-04-07T14:04:44Z,iqwlHe_yEEuBBm@`@cCBm@Hu@Fw@Jm@^gATuA^}@B]DQ@c@Js@r@uCP_A^aE@e@H}@NgA\uCLcCHqAVqBPo@b@yAt@gBXyA^iA\}A?[CYKi@Is@IWMOMG[a@]QKUKc@Go@AsARsCx@oDx@aC`@yBb@eBBQEg@\qBYxAATJj@u@hDIj@_@hASb@On@Wn@Sv@Gb@KVKp@Cn@AxBHjADXLTPHRVf@`@LRP~@RlA?Ja@lBYr@UtAe@dAo@fBY|@Qz@a@~DOlCk@~EKlBSfCMv@q@zCKdAG^a@lA?JY~AWz@G\OjBm@fDKz@?h@D~@Cl@NrB
72,Chill 5k,14088066118,2025-04-05T14:12:36Z,gqwlHe_yECqCLiALg@Da@RiAHwANu@Ts@\yA\u@BUH]V_Cj@mC\aEFmBLu@P_BBo@Hk@`@uFT{A\qAvAeDX}Ad@_BR_A@YIk@QcAMa@MMSI[e@UIIQISIs@Cq@FyBVyBTmAb@yAh@{A`@sBj@sB@YEW?OFi@TiA^o@\y@`@aBVaDZ}B^gDMlAAd@o@~EEf@SnAg@jBo@xAGTW|A?NFT?PI^c@hBMv@Kb@o@jBu@bC[xACb@IlBB`ADl@Nt@HJNBTXFJXPLNNn@XbBAHSdAg@bB[~AuA`D_@xAQvAGfAK|@MfCKx@Ej@]`CMnCQbBQdAWz@Qx@]fC[|@@JQzAOd@Wl@G\EtAe@tCMf@Ip@@lCB^Hf@HfALh@JRh@LTXPDx@CtAJT?HA^gAFIJET?JCHSBkAHy@Dg@?i@Co@JyABq@CMUk@LuAAIMU[_@kAaAQIMDSb@e@~Bc@`AK^GjAAr@BlAA|BIpC?XDLPFXDv@?`@BNAHKb@iALE^AFU@eARuBAOEKIES?UKUE]JQBiBGQBC@Gl@I~D@XCj@BNBDv@HfABHGFS
73,Afternoon Run,14078305148,2025-04-04T14:12:20Z,gqwlHi_yEEwB?c@B]N_APs@Di@Je@HoAF[Xw@T_Ad@}AA[ZiCJ_@DW^eAFYVyBLeBB_Ad@uEHeAF_BJu@Dy@L{@Jk@^{AnAyCb@sBTs@^{A?QIs@SqAWa@UK[c@UMKUOg@AcCBw@Hy@T{@XoBb@yA`@gAXcBf@uBB[Ea@Fe@TiAj@kALi@h@kBR}AN_CNs@Dk@RuAHY@WMfBa@dCG~@Kv@O|A[pAWv@i@nAIVSzA?NFPCZUbASp@SlAwAhEg@tBMlAGlA?jADn@Hb@DNJPTNRX^ZFJLXLl@PbA?P[xAc@rAWnAIXYj@Wv@[n@M^UfAC`@Mz@G~@W~CGhAMlAYvBQ|CY`Ci@tB[|BKZQz@E@DFK|@m@nBKj@E`AOfAUdAUhBBnAAp@Dr@PzAR|@DDd@TNPTH\@dAAv@HPELONc@NYLIZADCFMBO@{@NsB?mBDiBCUOk@LeAAQGOY_@KGg@g@g@a@KAKDO`@Ut@S~@i@nAIx@EbBDxCG~B?v@E\@PBD\FjBFJGFI^}@BCLCXADEDOHsALiA?a@CSGKm@QOAs@Nw@Au@GK@IFGdBC~BG|@BZHJ`@DFAf@H`@@DAJK@IDm@
74,ez,14068494201,2025-04-03T13:40:10Z,kqwlHuayECSB_AFq@TaARwAHgAHq@b@cBDWHMd@sARmCP{@d@cBPmAFaAJw@F_Bb@aFF_@JeCXuCRaA`@uA\s@t@oB^sB\}@TeAA_@a@{BKQYU]e@UMQ_@EWE_@Cq@@u@DY@}@Lg@AGBOZ_B\oAv@yB`@wBf@kB@SGUAWTsATi@^o@Tw@Lq@Z{BFiARmBJa@`@{CsApLe@pBaAjC[`BFV@PWxAW`AShA}AzEKn@YnAC\IvBDfABPHTHf@d@\PVNFV\d@hCAR_@bBWj@Qr@M~@sAvCe@nBOlAq@pJ_@bCCl@QfCUpBg@lBOfAKdAEZ]v@C`@UpAYr@ERMx@Aj@OhAa@vBIn@FnD\vCJTLJVDZXPF|@?~AHPCFILe@LWFI^ALEFK@S@}@PsBCW?q@PuCK]GICS@YFS@[EO]m@s@o@e@[OEKDYn@a@nBg@fAKn@EnADzBCh@CrCG~@@d@HJv@F\?^BNATMb@gAHE^CDCFK@IBs@LiB@e@KQIEq@KO@WP_AIY@o@EKFGdAC`DEdA@PBDLDdBJPAFEDUDcA
75,Afternoon Run,14061678650,2025-04-02T14:44:38Z,mqwlHo_yECuBDq@Lq@Fu@Lc@PiALsAHa@`@mAVcA\}@CG?GJk@HqAl@cCd@wCN}CHg@Bo@PoALyADUN{CVwCp@_CrA}CTsATq@^}ABWAWKs@WmAGKYQ_@g@IEUQQi@EeCFoAn@yD|@wCPe@Nm@ZeBTu@Hq@Ec@XaBBOd@_APq@Rm@R{@n@kGl@uDId@C`AEVIX[lBYfDk@bCy@nBGRWvAFh@In@{@xDOj@e@jAGb@OVW|@AZS`AOpAErABx@Hp@DRNVPJX^VLLNJT`@fCWvAi@bBQhAITS^aAhCUn@Mn@O~AA`@Ih@[`FUtAIv@MvCUjCMl@g@bBOdAIfAGZSf@QpAu@~BE^EpAq@pDGhAB~@Ar@TtCFTLXLJXHVTPFf@Cd@Bh@Hh@?HAFGb@kADEf@CFGBs@LwADoAEwAL{ACSEUKOGYFg@FW@MIYU]SOSUy@i@MDMTg@|Bk@lAKj@EnA@pBAxDIxAB`@HJ`@Db@A^DN?JCBKDwA@oBD{ACWKIw@?w@GI@CDCTEn@A~BI`BBZBDJDb@?\DDCh@DHEBGFsAA_AHqBCo@
76,Afternoon Run,14038383362,2025-03-31T12:46:45Z,iqwlHg_yECsCFm@f@_DH}AJo@\iAp@aDHEHYPaBr@kDJ}@Jo@LeBBu@r@aHBsAX}CPaAd@gB~@}BR]TaB\_ALy@Ng@?SCSOaAMm@W_@QEQUEI@MDUAUGIUGKFCH@HHPFJPJV^DBBAD@LJHLPr@V~A?LGj@Y`AYz@On@ETAZGDY`@a@~@Y|@a@fBOnAU~CKz@KzAa@zCQtDYdCMp@Qd@Mh@UrBSbAY`AI|@i@zAGb@Ch@ShBa@zBE`A?XBX@VCR@V@FB?@A@BA^Eo@?BCC?w@E_ABm@L{@f@mCNuBZcAP}@h@eBBQFOD_@D}@X{ARq@Lw@\iDF}AXsB`@wFh@wF`@uA`AsBPg@\eBVq@^gB?]W_BI[IQ}AoBL^RFFDVn@EAD?BDBGD@JJFLJZX|ABP?TSdAg@~Ag@tBeA`Ce@~AIZKbAUtDw@xHAz@GdAYfCKj@Ut@_@bBSjB[~@[xBQd@On@Eb@Cv@s@`EG|@@rA
77,10k in pain,14020823219,2025-03-29T13:41:13Z,mqwlHg_yEAqBDuAh@mC\yC\mAVsA\_A?OBEDUBu@Hu@Lk@d@}AXoBP{B@o@FcA^{CV}D^qDp@cCjAsCXwATo@b@sB@WYsAAOKc@GM_@SW]WSQ[K]CiBNeCRsA^_B~@oC^qBf@qBDg@ESAO\iBp@wAn@eCDU@e@Fy@XcCXaBNmAP_AEFKl@q@hGe@hDUhASr@_@`AUn@UpAAHFT?NG`@c@dBWxAgAfDq@nCOfAIbBBrAHh@Vl@PLPXZTPTJ^^vBWnAo@vBQ~@o@~AMb@Ud@YfASdAEVE`A]~DItA_@|CM|BWfCOz@c@xAQfAE|@Qz@O^?RCFShAI\OZMh@Iv@Cv@O`Ae@vBG~@BzBRpBHb@@j@BBBGAGQw@Ac@Ia@Is@?eCJcB`@qBHo@Du@Jq@Vy@Lu@Ra@V{@?MFG@EFc@@q@Dg@Nw@b@{AT{ARgCBkADi@h@oEL}B`@mEh@kBtAiDTmAd@_BTgA?QCUW{AI[KOUO[g@UISg@GYIyA@q@JuATmA?GXwA^qAj@yALa@^_CXqA@OESAOJo@Ns@|@sBd@uBXsCbAsHwAbMg@tB_@t@c@jASjA?RDLBVKh@k@~BWhAm@tBMXg@fBMl@Ih@MxB@n@HjANl@JLRNPV^VJNFT^|BUrA[~@Sz@QdAIRSZQj@SZq@`CUbBQbD_@xD]bCAh@QpCUxBUx@M\Kd@S~AEh@U`AUtAUx@OZKb@E^Cv@WrB]|AE`ABpBXtCDTB?QeAAWOgA@_@G}BFw@ZuALgAHcAFa@Ha@X{@VsA\w@@IAMRyBPw@Xy@Le@^kCLmBBcAj@wFLyBZgDJq@v@kCXg@`@aA\cB`@sAVoA?[YoBIQ[e@?DPPRj@Z~A?RSfAMd@[|@]dBkAjCi@|BOjACp@Kj@Et@_@rE[pCMrBSdCO|@MZYlAId@KhA[fA?RY|Ai@nBIxAOhAc@nBIv@B|CPjBHd@FTJR^N`@XLBlA@VDNAVDRAFSDyB?sAD}@?[EMACyAKWEQ@GLEjA@bAIjC?RBFHJJBzAFXC
78,Afternoon Run,14002587041,2025-03-27T14:30:01Z,{pwlH{{xEOyAAw@?{AF{@XuAZoDDYFWPc@x@gD?OLi@FaAJs@j@kBNw@ZqDD_BDOd@iE^mE@e@JmAHc@Ty@bBiE\kBVq@^aBAc@]uBKQMMIC]i@YMKSOo@Ek@?s@Bu@F}@b@iCTcAVaAf@qA`@aCh@wB?SGW@ORiAPi@NW\u@\wAVaBH}@RgA@c@ZoBXsCb@gB?MAACDEV_@zBMzAI`@i@xEQz@Ed@e@|Bo@vAUx@Mp@CXFV@P_A|Ee@pAc@xAOb@Ot@Uh@Kf@Gr@AxADdBLn@LVNH`@d@VNPZd@jC[`Be@xAShA{ArDYbAUnAW~CChAIj@Gx@e@zDKrBUlCOz@[hAS`AE|@EV[hAAVYxAi@dBOzBO|@Qt@WzAA^BvBVjCNl@FJHH^LVRJDnA?bAJPALEb@gAHG\CLEFM@GDuAFs@FyD?]Ba@C_@Oc@AQHaAGU[g@oAeAQII@MT_@rAMp@]v@Md@Gp@GdABbA?nDCjBGj@BPDDjBNRCHGFYBmDFkBAIEMIEa@@kAGM@GHG|@BnBM|BBRHFHBh@?
79,1h run,13993907029,2025-03-26T15:39:30Z,}kwlH}jxECT?V`@NNPRf@PTN^T\DL@f@XXJl@Nd@Jj@LVJZJfAv@vCNx@DJ^~AB^Cb@BLn@rCV\V~At@`DJvBANDd@Mv@Cb@Kf@Cb@Ov@Ql@WjBK`@?NETo@xBCb@D^HZPZh@d@b@h@Xx@b@z@VJHARJ\F`@RRPtBp@h@X?ZQnAGt@Mf@SzBGXe@~DMl@IpBOv@IjAE^M`@Ij@Sx@EZKf@G|@y@|GYfAGl@Qt@Ct@_@xCM`@Ij@IZc@nDa@jB?RBDtAp@N{@DA?JOz@Ql@I|@UbAMtA]zBK\El@EVa@jBy@hEs@zCg@tC{@rDm@vCK^WjBg@`CO`AQ`@EZc@pB]`CUv@_@rBcApESrAUfA_@`BM`@Kz@q@vC_@tB[xAOjAc@xASlAk@|Ds@tFIpAKj@c@rFKnCK~AMbDE`F]|A?DBFXaABa@LkFBaDHaAB}@LgAJ_C?g@NaALkBfBsMn@aDHm@Lc@NqARq@jBcJ`@eBJq@f@{BJs@Le@b@}BJ_@z@{EvAmGHs@^eBHg@Tu@pBkKFe@d@sBx@kE^cBD[ToAHs@J]Hu@h@aDNu@PkANg@JoACMGBCJ@^GN[M_Ao@DK\qBH{@h@gDJ]f@kDDe@He@Hw@TwABUPoALi@^uDL{@Nu@HiATaARcBFQLaADu@@q@Fq@`@yCLq@RmBRkADu@j@aE?MCUm@{BW{A_@kA?WFWA[Q[Qe@m@wCYw@S}@_@kAa@cBS_@W_@ISEWCy@EUk@yBY_B[k@Gq@g@kBBe@Am@w@iCS{A_@}AGq@Sm@E_@oAwDS]gAgA]Si@KmA@_AKSSIsAEMSS_@MU_@AILkAHqA?y@F{@RKtAWFGHQ?Wc@{C@y@Eu@BcAB[^uAPeALwB^sA\cBRm@@WRaAFeAj@sBN_AR{ALwAJuBJw@FeAN_AN_BDwAHaAVsBh@iB`@{@p@mBXaBRg@\qA@_@AYSwAMc@[_@E?PLLNLb@\fBAPS`Ai@`BSnAeBfEUv@OpAUrCC`As@nGOnCStBWfBc@rAK~@GbAEP]nA[`Be@vAGh@Ap@Kv@UjAYpB?p@Bp@?x@Fz@L~@H\Eb@F?@UI_@Ca@GK
80,Lunch Run,13972077955,2025-03-24T11:11:08Z,i{vlH_`vEVNVXLJh@PZZXNh@N|@d@JNPP@LQrAKj@Gx@WlBI\Gv@e@jDC`AMdAGLE`@Ah@OdAMb@MlA]xB_@|CKj@WlBGTe@zCe@dEOj@UnAEf@K\[~BMn@GL?NBF`@Xr@^B?BEAOLo@@HCPW~AmAhIoA|GcArEk@zCk@lCc@fCi@vBSh@WzBs@pDWbA]bBcC~LWhAO`@]vBuAjGy@nEcAxEO`AM\AD@@FKTy@`@{BLe@NaAp@{CPgAz@_ETuAV}@l@wCt@cELc@|BuKb@oCh@{BRk@PoAfAqFLo@@Ob@oB|BmLXoBr@aE\eCTaAHw@@SCIEBEPAb@E@MCa@YOEAE@BGGK?GM@IXoBDk@^sBBYr@mDRgBPm@Js@HcAXuAXqBFU^cDLy@Ja@Dy@PeALyATyABe@PgB\gBRgBToA?SAKw@e@w@Ua@c@UKe@EKKK]Mo@Ec@EOIIYMMSE_@G_BI]
81,Afternoon Run,13954304186,2025-03-22T12:52:39Z,cqwlH{{xE?]MkAAsB@_@NkALa@Pu@PoAJyAT{@XyAd@kAAKLu@JwAx@eDRcBPeET_BLsALq@LmDPiBJm@XeA`@mAx@sBVgABWLi@Xw@XwA?MW_BOi@{@}@]UGGEOIe@Ey@@iADyARqAFO\yAPe@F]h@{Aj@kC`@mADa@Mc@@IZkBFQn@gAXeARkAFsAXiBDs@^wBRiBPaARs@?GACUbAWxAEz@UbBGv@GVIt@I\W|Bg@zBGRc@x@Of@UzAF\AXa@fBa@~Bs@jBo@vBUjBQz@Ex@?p@Dr@Jn@JZLJLFV`@ZTPXb@|B?ZMv@Qn@[z@YtAMZYh@m@`Ba@`BMt@K|AKt@WxDg@`FMzBMnAUlAg@rBIn@Cd@G^e@pBIr@g@~AERIj@Ah@S|Aa@`CEv@@nBHlATnBAVBC@Mc@_DEqBBiAv@oEFuAF_@Ni@d@sBb@aAAMP{BJm@b@{AZ}BLaBDaBPgATeBXoEd@qEj@mBZq@h@yAb@qBVu@^gBAW[uBOWc@[S[WMOWCMIw@Cw@BiADy@N{@v@gDLa@h@yAb@gC^wAF]?GGS?ST}ABKT]Z{@j@}BHq@Fs@NcAFs@NkAJi@ZgCZyAJk@?Co@vDEl@_@jCWvCUxAe@rB_@|@S^EPYdB?JFTCVSz@g@lCo@zB]|@W~@QfAM^Ix@GfA@X@v@Fn@Ph@VPTZd@\JPFTJbANt@AX]zAQ^Md@UtAsAxCk@lBWjDIzAWtBIfAYzBCrAS|BYlBY`AQz@Il@Ch@q@rDMj@g@tAG~AWrAAXITWnAAr@BvB^dDFTLLNJN@VTJDdA?VF~@BLIDWAkAH_FGK]?_@CI@s@EKHGv@GbGCNE@
82,First 5k,13943708973,2025-03-21T10:19:01Z,}owlHmyxEOm@]{BEaCBs@d@eCTaBFkAp@gC`@eB@SHQTkBf@mBPgAVgCFe@LqBNmA\uDHgBLaARgCFY^iAlA_Db@uBJULc@ViABQA[QkAW{@WQ]e@UMMSIWGYEm@AkABw@He@Hy@p@{CXeAh@wAh@oC\iA@YGO?Q@YPeAJW^k@Re@Pq@Nq@h@oFb@gCJoAXaBDYPg@CGCBMl@QpASbCkAzIg@tBo@zAIVQhAARF`@?HKp@_@zAYzAO\qA~DOj@Gj@Ml@Ir@AnB@\Hl@HXHLVPV\VPT^d@bCAPUhA]hAc@pBmAxCg@fBMr@g@tHk@tEQjDQjAEl@k@rBMl@CPC|@Kl@_@dASnAk@tBKvAs@jEAXAv@BpBRpBLr@HRf@PTTNHbA@x@Db@?NCJOV}@PI\CDCFMLsCDk@AiBHeBCSK[EQB[Fe@A[QYg@i@k@a@UUMAOLOf@WjAQl@a@|@MxEAxEGfA?^HJrBLXCLORq@JQJC\AJKXeECWII_ASe@c@SGSQaB{@IHEb@BdCCzA
83,Afternoon Run,13927346809,2025-03-19T14:44:23Z,kpwlHwzxE?DAEEA@CIk@MyA?}CBa@f@_DNgBN{@Vw@R{@h@mAHu@BcANiAh@gBV{AHqAFc@J}BX}BVaDRaBBc@RcCl@wBhAmCPcAl@}BPeA?[Ke@Ge@GYKYMSSIEKQQ[S]y@EcCJgBF[Fk@`@eBfAgDj@uC`@uA@WG_@PiALg@`@{@Pi@R{@Hi@FQNeAH{@b@mDRqAH_Al@mC@OAAITYfBa@lDsBlMk@dAENU~AH^CReA|EMXqArEWpAG`@MzB@z@Fx@DVLVTL`@f@ZRLRFVR|ADN@PI`@_@xA]fAKn@Qh@aAtBs@|CS~BMxB[`DWhB@@Ed@OdC]`DETWt@EZSt@G^?h@CNKRSLNIHUPcBP{@Xw@Li@PmANeBRkDh@mF\mEJaAFW|@{CR_@b@cA`@oBXy@VwA?c@[oBSa@YQYa@?DJNNNJBFDRZb@jCAR[vAe@vAIb@C^XoBr@_C@]Qy@Im@Ic@UUOEISGGNZR@FFFHJX\lBBZc@rB[z@UlAuAhDg@jBMz@SvBWlEOpAOx@Ir@KhCObBW~AYv@Kh@UpBa@hA?NUvAe@fBGn@A`@Kv@m@`DGt@HzCHr@Dz@@HDHBRB@@OIOOoA?SIk@Bp@D^KoA?w@CaABy@H_@d@qDD}@Nw@\}@v@wCXaDH_@Z_Ab@oBH{@@c@JeA@i@Du@Z}BNiBPyC^cD`@eBpA_DNq@Hi@v@{CBSC[_@oBQYSKGOKIGK?KHYESEGUAIBCPHVBDPFZb@TDTVLf@VnB?HQdAg@dBYxAsAbDY|@Ox@SfB_@nFg@|EWnDQ|As@bDWlBc@rA?HIr@Mr@_@nAIf@Et@OnAc@zBGt@AZBl@?h@Dx@DRD`ANn@BZAAAUGOAYO{@GaAEiCB]z@}EF{AJi@L[Lq@J_@b@eABe@\eCR}@V}@NeAZoDHiB`@uCd@iFBo@RiBPs@ZkAfAcDb@sBh@uB@QA]_@qBMSUIYa@AODYAWEEOGMBCH@RBJHHPF^j@@A?CFBV\Jd@\nBWvAe@xA[|AITQXq@hB_@jAMn@QbBg@dHQfAOdBGxAYdDMv@[dAQr@Kv@?TE^Qp@Qd@]nB_@rAETGtAUvAWnAG^Ep@@t@
84,Lunch Run,13906587182,2025-03-17T10:56:18Z,etwlHmqxEGhABh@FLRDJHTXDVEt@HXHFP@l@?NEj@Dx@@JBb@^Xb@RTj@x@LJBLCJNb@ThAV~ADf@b@jBP`Az@hDLjAn@jCZj@rAfGFlBDh@CTQnAMZEh@Mz@_@vASnACBGT_@~BMd@EV@NHJTLvAp@t@jDf@XRLv@^ZRTD|@Xv@`@RJDN?Fg@`DUjCUvAc@pDGZ?l@Iv@GJGXC|@k@hDKz@UxAWbCMh@Y|BGPEb@Kj@YhBBC@OUpAQlBQh@SnAw@lFCb@bFqMALYxA[xBYzAYfBIx@YtA?JGRa@jCENk@hESx@[dBUbAWxA]~AQbAo@lCUtAg@~Bg@~Ba@xAo@bEYlAOh@YtAKN[Xc@l@]Ln@r@BLEj@o@hDI\Sf@QtAe@vBIl@w@jD[lBwA`GYdBu@tD_@tCQz@U`B_@dDWtCERSzFOjBSzEC|DCLChB@rBFt@ChBTfJTdEThCBn@h@bGZnCPfAFjAFFHE?OMa@Kk@iAsJW_CQaCYoGAiAE{@CyBB}CCiA@u@CgAFgB@wBFyB@sAFeAHyCTyBTcDPyA@e@VwB|@kFVmBhA}FpAeHd@iBRwAPi@P}@^wANaAd@yBb@mCV{@Fc@\{Af@kC`@sBFc@d@sBRu@Ju@\wAf@mCVaAl@uCn@uDT}@p@kDHy@FOL_Af@sCJ{@XyAL_Aw@}EH{@XkCd@uBJmA`@sBF{@PgAPw@\aCP_AFq@Fc@N_BHa@X{B@UJi@@c@N{@NcBL_ALg@Dg@Jm@TiBHc@D_AHe@Fw@n@_FBc@g@qCQ_@g@sBEcBGOMMOi@Qq@QuAWk@S{@Uu@[gBMSCOKME[IYAHE@E?EOGa@Cy@G_@Qq@KMIYa@gBWwA[g@Kc@QaAEg@K[Om@Ig@]oAAQSq@CWSq@Ga@MsBKq@M_@Qe@GCIAECCMAa@S]c@c@_@e@QOUEi@a@EO@o@EAO@_@A[@QA_@@I@EAO_@MOk@WUi@@s@Jm@BiADg@@o@BMLMh@Sr@IHIDWa@sD?c@Ca@?_ADo@d@_CLgAHyAd@cBSn@Qp@GrAOpAYtA
85,Evening Run,13901459544,2025-03-16T17:21:03Z,{owlHgzxEAHCEQu@W{AEgC@cAd@_C`@mDz@aDVu@?i@RaBt@_DT{ARqCH{Ah@mEFq@BcAF_A`@uDd@yAxAsDVyA\eAZyAGo@]gBKQUO[a@YSKQIWEYE_AB{BNoAd@uBpAiEj@iCLe@N{@Cc@@QTqAj@yAbAsDXyCz@}GG~@e@fDo@zFo@dCIV]l@Oh@YtAB^AXOz@[rAKp@cA|CYfAQ|@[z@CLIvC@p@Hp@FXJPXTX`@ZRNV\lBB`@SfAQv@Q`@_@jBuA`Dg@nBMrAWhESrBe@|DEhAWbDQ`A[bAMr@SbBGJMLOl@IJ?b@Iz@[jAOv@E~@OpAg@~C?vC
